-- phpMyAdmin SQL Dump
-- version 4.7.3
-- https://www.phpmyadmin.net/
--
-- Host: localhost:3306
-- Generation Time: Oct 07, 2017 at 12:57 PM
-- Server version: 5.5.57-cll
-- PHP Version: 5.6.30

SET SQL_MODE = "NO_AUTO_VALUE_ON_ZERO";
SET AUTOCOMMIT = 0;
START TRANSACTION;
SET time_zone = "+00:00";


/*!40101 SET @OLD_CHARACTER_SET_CLIENT=@@CHARACTER_SET_CLIENT */;
/*!40101 SET @OLD_CHARACTER_SET_RESULTS=@@CHARACTER_SET_RESULTS */;
/*!40101 SET @OLD_COLLATION_CONNECTION=@@COLLATION_CONNECTION */;
/*!40101 SET NAMES utf8mb4 */;

--
-- Database: `kayleevn_db`
--

-- --------------------------------------------------------

--
-- Table structure for table `acl`
--

CREATE TABLE `acl` (
  `acl_id` int(11) NOT NULL,
  `acl_module` varchar(50) COLLATE utf8_unicode_ci DEFAULT NULL,
  `acl_controller` varchar(50) COLLATE utf8_unicode_ci DEFAULT NULL,
  `acl_action` varchar(50) COLLATE utf8_unicode_ci DEFAULT NULL,
  `acl_status` int(11) NOT NULL,
  `acl_name` varchar(50) COLLATE utf8_unicode_ci NOT NULL,
  `acl_parent` int(11) NOT NULL
) ENGINE=InnoDB DEFAULT CHARSET=utf8 COLLATE=utf8_unicode_ci;

--
-- Dumping data for table `acl`
--

INSERT INTO `acl` (`acl_id`, `acl_module`, `acl_controller`, `acl_action`, `acl_status`, `acl_name`, `acl_parent`) VALUES
(1, 'admin', 'index', 'index', 1, 'Home', 0),
(2, 'admin', 'build', 'index', 1, 'Danh sách', 3),
(3, NULL, NULL, NULL, 1, 'Quản lý build', 0),
(4, 'admin', 'build', 'add', 1, 'Thêm', 3),
(5, 'admin', 'build', 'delete', 1, 'Xóa', 3),
(6, 'admin', 'build', 'edit', 1, 'Cập nhật', 3),
(7, '', '', '', 1, 'Group Admin', 0),
(8, 'admin', 'groupadmin', 'index', 1, 'Danh sách', 7),
(9, 'admin', 'groupadmin', 'add', 1, 'Thêm', 7),
(10, 'admin', 'groupadmin', 'edit', 1, 'Cập nhật', 7),
(11, 'admin', 'groupadmin', 'delete', 1, 'Xóa', 7),
(12, NULL, NULL, NULL, 1, 'Admin', 0),
(13, 'admin', 'admin', 'index', 1, 'Danh sách', 12),
(14, 'admin', 'admin', 'add', 1, 'Thêm', 12),
(15, 'admin', 'admin', 'delete', 1, 'Xóa', 12),
(16, 'admin', 'admin', 'edit', 1, 'Cập nhật', 12),
(17, NULL, NULL, NULL, 1, 'Menu', 0),
(18, 'admin', 'menu', 'index', 1, 'Danh sách', 17),
(19, 'admin', 'menu', 'add', 1, 'Thêm', 17),
(20, 'admin', 'menu', 'delete', 1, 'Xóa', 17),
(21, 'admin', 'menu', 'edit', 1, 'Cập nhật', 17),
(22, '', '', '', 1, 'Acl', 0),
(23, 'admin', 'acl', 'index', 1, 'Danh sách', 22),
(24, 'admin', 'acl', 'add', 1, 'Thêm', 22),
(25, 'admin', 'acl', 'delete', 1, 'Xóa', 22),
(26, 'admin', 'acl', 'edit', 1, 'Cập nhật', 22),
(29, '', '', '', 1, 'Group menu', 0),
(30, 'admin', 'groupmenu', 'index', 1, 'Danh sách', 29),
(31, 'admin', 'groupmenu', 'add', 1, 'Thêm', 29),
(32, 'admin', 'groupmenu', 'delete', 1, 'Xóa', 29),
(33, 'admin', 'groupmenu', 'edit', 1, 'Cập nhật', 29),
(35, 'admin', 'groupadmin', 'acl', 1, 'Phân quyền', 7),
(36, '', '', '', 1, 'Navigation', 0),
(37, 'admin', 'navigation', 'index', 1, 'Danh sách', 36),
(38, 'admin', 'navigation', 'add', 1, 'Thêm', 36),
(39, 'admin', 'navigation', 'delete', 1, 'Xóa', 36),
(40, 'admin', 'navigation', 'edit', 1, 'Cập nhật', 36),
(41, '', '', '', 1, 'Trang nội dung', 0),
(42, 'admin', 'page', 'index', 1, 'Danh sách', 41),
(43, 'admin', 'page', 'add', 1, 'Thêm', 41),
(44, 'admin', 'page', 'delete', 1, 'Xóa', 41),
(45, 'admin', 'page', 'edit', 1, 'Cập nhật', 41),
(46, '', '', '', 1, 'Danh mục bài viết', 0),
(47, 'admin', 'newscategory', 'index', 1, 'Danh sách', 46),
(48, 'admin', 'newscategory', 'add', 1, 'Thêm', 46),
(49, 'admin', 'newscategory', 'delete', 1, 'Xóa', 46),
(50, 'admin', 'newscategory', 'edit', 1, 'Cập nhật', 46),
(51, '', '', '', 1, 'Tin tức', 0),
(52, 'admin', 'news', 'index', 1, 'Danh sách', 51),
(53, 'admin', 'news', 'add', 1, 'Thêm', 51),
(54, 'admin', 'news', 'delete', 1, 'Xóa', 51),
(55, 'admin', 'news', 'edit', 1, 'Cập nhật', 51),
(56, 'admin', 'news', 'delete-picture', 1, 'Xóa hình đại diện', 51),
(57, '', '', '', 1, 'Danh mục sản phẩm', 0),
(58, 'admin', 'productcategory', 'index', 1, 'Danh sách', 57),
(59, 'admin', 'productcategory', 'add', 1, 'Thêm', 57),
(60, 'admin', 'productcategory', 'delete', 1, 'Xóa', 57),
(61, 'admin', 'productcategory', 'edit', 1, 'Cập nhật', 57),
(62, '', '', '', 1, 'Sản phẩm', 0),
(63, 'admin', 'product', 'index', 1, 'Danh sách', 62),
(64, 'admin', 'product', 'add', 1, 'Thêm', 62),
(65, 'admin', 'product', 'delete', 1, 'Xóa', 62),
(66, 'admin', 'product', 'edit', 1, 'Cập nhật', 62),
(67, 'admin', 'product', 'delete-picture', 1, 'Xóa hình đại diện', 62),
(68, '', '', '', 1, 'Đơn hàng', 0),
(69, 'admin', 'order', 'index', 1, 'Danh sách', 68),
(70, 'admin', 'order', 'edit', 1, 'Cập nhật', 68),
(71, '', '', '', 1, 'Giao diện', 0),
(72, 'admin', 'template', 'index', 1, 'Danh sách', 71),
(73, 'admin', 'template', 'edit', 1, 'Cập nhật', 71),
(74, 'admin', 'product', 'color', 1, 'Danh sách màu sản phẩm', 62),
(75, 'admin', 'product', 'color-add', 1, 'Thêm màu sản phẩm', 62),
(76, '', '', '', 1, 'Màu sản phẩm', 0),
(77, 'admin', 'color', 'index', 1, 'Danh sách', 76),
(78, 'admin', 'color', 'add', 1, 'Thêm', 76),
(79, 'admin', 'color', 'edit', 1, 'Cập nhật', 76),
(80, 'admin', 'color', 'delete', 1, 'Xóa', 76),
(81, '', '', '', 1, 'Kích thước', 0),
(82, 'admin', 'size', 'index', 1, 'Danh sách', 81),
(83, 'admin', 'size', 'add', 1, 'Thêm', 81),
(84, 'admin', 'size', 'edit', 1, 'Cập nhật', 81),
(85, 'admin', 'size', 'delete', 1, 'Xóa', 81),
(87, 'admin', 'product', 'color-edit', 1, 'Cập nhật màu sản phẩm', 62),
(88, 'admin', 'product', 'color-delete', 1, 'Xóa màu sản phẩm', 62),
(89, 'admin', 'product', 'delete-color-picture', 1, 'Xóa hình trong Màu sản phẩm', 62),
(90, '', '', '', 1, 'Website', 0),
(91, 'admin', 'website', 'edit', 1, 'Cập nhật thông tin website', 90),
(92, 'admin', 'website', 'delete-picture', 1, 'Xóa icon Website', 90),
(93, 'admin', 'template', 'delete-picture', 1, 'Xóa hình', 71),
(94, '', '', '', 1, 'Email khách hàng đăng ký', 0),
(95, 'admin', 'emailcustomer', 'index', 1, 'Danh sách', 94),
(96, 'admin', 'emailcustomer', 'export', 1, 'Xuất Excel', 94),
(97, '', '', '', 1, 'Liên hệ', 0),
(98, 'admin', 'contact', 'index', 1, 'Danh sách', 97),
(99, 'admin', 'contact', 'export', 1, 'Xuất Excel', 97),
(100, 'admin', 'contact', 'delete', 1, 'Xóa', 97);

-- --------------------------------------------------------

--
-- Table structure for table `admin`
--

CREATE TABLE `admin` (
  `admin_id` int(11) NOT NULL,
  `admin_email` varchar(255) COLLATE utf8_unicode_ci DEFAULT NULL,
  `admin_password` varchar(100) COLLATE utf8_unicode_ci DEFAULT NULL,
  `admin_name` varchar(255) COLLATE utf8_unicode_ci DEFAULT NULL,
  `admin_picture` varchar(255) COLLATE utf8_unicode_ci DEFAULT NULL,
  `group_admin_id` int(11) NOT NULL,
  `admin_status` int(11) NOT NULL
) ENGINE=InnoDB DEFAULT CHARSET=utf8 COLLATE=utf8_unicode_ci;

--
-- Dumping data for table `admin`
--

INSERT INTO `admin` (`admin_id`, `admin_email`, `admin_password`, `admin_name`, `admin_picture`, `group_admin_id`, `admin_status`) VALUES
(1, 'anhtuan150787@gmail.com', 'd226b6514a6d43a7edb0e152e91f782e', 'Anh Tuấn', NULL, 1, 1),
(2, 'quantri@yahoo.com', '550e1bafe077ff0b0b67f4e32f29d751', 'quản trị', NULL, 2, 1);

-- --------------------------------------------------------

--
-- Table structure for table `build`
--

CREATE TABLE `build` (
  `id` int(11) NOT NULL,
  `name` varchar(255) COLLATE utf8_unicode_ci NOT NULL,
  `component` varchar(255) COLLATE utf8_unicode_ci NOT NULL,
  `folder` text COLLATE utf8_unicode_ci NOT NULL,
  `subversion` text COLLATE utf8_unicode_ci NOT NULL,
  `status` int(11) NOT NULL,
  `note` text COLLATE utf8_unicode_ci NOT NULL,
  `date_created` datetime NOT NULL
) ENGINE=InnoDB DEFAULT CHARSET=utf8 COLLATE=utf8_unicode_ci;

--
-- Dumping data for table `build`
--

INSERT INTO `build` (`id`, `name`, `component`, `folder`, `subversion`, `status`, `note`, `date_created`) VALUES
(3, 'FilmPlus', '2', 'V_1_1_0\\20160725', 'releases/BUILD_20160725', 1, '', '2016-09-09 14:18:52'),
(4, 'Raspbery chiết khấu hoa hồng', '4', 'V_1_1_0\\20160805; V_1_1_0\\20160915; V_1_1_0\\20160920; V_1_1_0\\20160923; V_1_1_0\\20160929; V_1_1_0\\201610031320; V_1_1_0\\20161006', 'releases/BUILD_20160805', 1, '', '2016-09-09 14:21:51'),
(5, 'Raspbery chiết khấu hoa hồng', '2', 'V_1_1_0\\20160805; V_1_1_0\\20160927; V_1_1_0\\20160929; V_1_1_0\\201610041400; V_1_1_0\\20161010', 'releases/BUILD_20160805', 1, '', '2016-09-09 14:22:43'),
(7, 'CITYBANK + FIX SECURE', '2', 'V_1_1_0\\20160811; V_1_1_0\\20160811_CITYBANK', 'releases/BUILD_20160816_SECURE_CITYBANK', 0, '', '2016-09-09 14:27:13'),
(8, 'CITY_BANK + SECURE', '1', '2016\\08\\20160816', 'releases/BUILD_20160816_SECURE_CITYBANK', 0, '', '2016-09-09 14:28:35'),
(9, 'Chỉnh sửa giao diện', '3', '2016\\09\\20160922', 'releases/BUILD_20160829', 1, 'Gộp 3D Secure vào, Thêm mã lỗi hết hạn mức ví, Câu thông báo Hour, Day', '2016-09-09 14:29:46'),
(10, 'Câu thông báo Hour, Day', '3', '2016\\09\\20160908', 'releases/BUILD_20160908', 1, 'Kèm theo thanh toán TPB của anh Trí', '2016-09-09 14:30:29'),
(11, 'Sửa hiện thị Factor2 trong Paybill', '2', 'V_1_1_0\\20160912.zip', 'releases/BUILD_20160912', 1, 'Dùng chung với task OCB (Thanh toán trả góp/Vay tiêu dùng)\r\n', '2016-09-09 14:45:53'),
(15, 'Bỏ Address, City + Thêm mã lỗi hết hạn mức ví', '3', '2016\\09\\20160914', 'releases/BUILD_20160914', 1, '', '2016-09-14 11:57:23'),
(16, 'Nạp tiền VĐT qua POS bằng thẻ ATM', '2', 'V_1_1_0\\20160914', 'releases/BUILD_20160914', 1, '', '2016-09-14 15:50:57'),
(17, 'Nạp tiền VĐT qua POS bằng thẻ ATM', '4', 'V_1_1_0\\20160914', 'releases/BUILD_20160914', 1, '', '2016-09-14 15:51:44'),
(19, 'Quên mật khẩu', '1', '2016\\09\\2016\\201609151515; 2016\\09\\2016\\20160916', 'releases/BUILD_20160909', 1, '', '2016-09-16 08:31:16'),
(20, '3D Secure', '3', '2016\\09\\201609161516', 'releases/BUILD_20160916', 1, '', '2016-09-16 15:08:19'),
(21, 'Fixbug tooltip issuer', '2', 'V_1_1_0\\20160919', 'releases/20160919', 1, '', '2016-09-19 09:49:01'),
(22, 'Gửi mail Admin', '4', 'V_1_1_0\\201609261530', 'Release/BUILD_20160926', 1, '', '2016-09-20 13:20:00'),
(23, 'Thêm ngân hàng nạp tiền', '1', '\\2016\\09\\20160926; \\2016\\09\\201610031010; 2016\\10\\201610141415; 2016\\10\\20161021; 2016\\10\\20161026', 'Release\\BUILD_20160926;', 1, 'anh Trí tạo branch va commit code (\\2016\\09\\20160926);\r\nGôm thêm Sercurity Payoo', '2016-09-26 11:45:38'),
(25, 'Bổ sung thêm phần Xuất file *.txt cho topup theo danh sách', '2', 'V_1_1_0/201609291536', 'releases/BUILD_20160929', 1, '', '2016-09-29 11:09:26'),
(26, 'Email template manulife; Cấu hình hiển thị Customer FieldSet theo ShopID', '3', '2016\\09\\20160930', 'releases/BUILD_20160929', 1, '', '2016-09-29 13:47:20'),
(27, 'IP log, Thay đổi phí Đông Á Bank, data/out/print.php', '1', '2016\\10\\20161003', 'releases/BUILD_20161003', 1, '', '2016-09-29 14:22:06'),
(28, 'Golive dịch vụ Nạp tiền Ví điện tử trên POS', '4', 'V_1_1_0\\20161003; V_1_1_0\\20161005', 'releases/BUILD_20161003;', 1, '', '2016-09-30 14:34:54'),
(30, 'SERCURITY', '2', 'V_1_1_0\\20161018; V_1_1_0\\20161021; V_1_1_0\\20161027', 'releases/BUILD_20161018', 1, '', '2016-10-04 11:26:06'),
(31, 'Thêm thông số khi xem chi tiết giao dịch.', '1', '2016\\10\\20161005', 'releases/BUILD_20161005', 0, '', '2016-10-05 15:44:19'),
(32, 'cập nhật lại tooltip thẻ nội dia, quốc tế', '3', '2016\\10\\20161006', 'releases/BUILD_20161007', 1, '', '2016-10-06 10:08:48'),
(34, 'Bổ sung Checksum SHA512', '3', '2016\\10\\201610141337', 'releases/BUILD_201610141325', 1, '', '2016-10-14 13:38:37'),
(35, 'Mở lại chức năng chuyển tiền', '1', '2016\\10\\20161024', 'releases/BUILD_20161024', 1, '', '2016-10-24 10:16:13'),
(36, 'Giao dịch hủy', '4', '', 'releases/BUILD_20161121', 1, '', '2016-10-28 09:19:57'),
(37, 'Loyalti', '4', 'V_1_1_0\\20161103', 'releases/BUILD_20161031', 1, '', '2016-10-31 09:17:12'),
(38, 'Loyalti', '1', '2016\\10\\20161103', 'releases/BUILD_20161101', 1, '', '2016-11-01 14:43:05'),
(39, 'Email template', '3', '', 'branches/EMAIL_TEMPLATE_NEW', 1, '', '2016-11-01 15:29:58'),
(40, 'Skype, Facebook, Điều chỉnh MH đăng ký thanh toán tự động & nhắc nợ cước HĐ]', '1', '', 'releases/BUILD_20161111', 1, '', '2016-11-04 10:18:08'),
(41, 'Skype, Facebook', '6', '', 'releases/BUILD_20161111', 1, '', '2016-11-04 10:19:22'),
(42, 'Loyalti', '2', '', 'releases/BUILD_20161110', 1, 'Fix bug Rasp', '2016-11-10 09:16:09'),
(43, 'DAB', '3', '', 'releases/BUILD_20161116', 1, '', '2016-11-16 10:15:49'),
(44, 'DAB', '1', '', 'releases/BUILD_20161116', 1, '', '2016-11-16 10:15:56'),
(46, 'Bỏ Captcha thanh toán bằng TK PAYOO', '3', '', 'hotfixes/DELETE_CAPTCHA_VDT', 1, '', '2016-11-18 15:36:32'),
(47, 'Topup lẻ iframe', '5', '', 'releases/20161129', 1, '', '2016-11-29 14:05:34'),
(48, 'Fixbug Loyalty', '1', '', 'releases/20161129', 1, '', '2016-11-29 14:18:19'),
(49, 'Câu thông báo Onepay', '3', '', 'releases/BUILD_20161129', 1, '', '2016-11-29 14:20:51'),
(50, 'Câu thông báo CC', '3', '', '/branches/MESSAGE_REVIEW_CC', 0, '', '2016-11-29 14:21:05'),
(51, 'Fixbug thanh toán HTV-TMS', '2', '', 'hotfix/20161130', 1, '', '2016-11-30 13:35:18'),
(52, 'Fixbug Email template', '3', '', 'releases/BUILD_20161201', 0, '', '2016-12-01 16:25:37'),
(53, 'Fix icon Support', '1', '', 'releases/BUILD_20161205', 1, '', '2016-12-02 16:52:41'),
(54, 'Fix icon support', '5', '', 'releases/BUILD_20161205', 1, '', '2016-12-02 16:52:51'),
(55, 'MMS build backlogs tháng 11', '4', '', 'releases/BUILD_20161206', 1, '', '2016-12-06 10:02:58'),
(56, 'SDT từ Paybill qua Payoo', '3', '', 'branches/FILL_INFO_CUSTOMER', 1, '', '2016-12-07 11:27:37'),
(57, 'Fix màn hình chuyển tiền', '1', '', 'hotfixes/SEND_MONEY_INFO', 1, '', '2016-12-07 13:35:25'),
(58, 'Sửa câu thông báo PVCB', '3', '', 'branches/PVCbank', 1, '', '2016-12-14 16:35:30'),
(59, 'Fix Gui Change Password', '1', '', 'Release/BUILD_20161216', 1, '', '2016-12-16 16:28:08'),
(60, 'FEC Paynow', '3', '', 'releases/BUILD_20161220', 1, '', '2016-12-19 11:36:32'),
(61, 'Fix Gui login', '3', '', 'releases/BUILD_20161219', 1, '', '2016-12-20 14:18:27'),
(62, 'Chỉnh sửa màn hình khai báo thẻ ngân hàng', '1', '', 'releases/BUILD_20161221', 1, '', '2016-12-21 09:02:32'),
(63, 'FEC Paynow', '1', '', 'releases/BUILD201612211500', 1, '', '2016-12-21 15:07:08'),
(64, 'HotFix', '4', '', 'hotfixes/BUILD_20161223', 1, '', '2016-12-23 14:34:39'),
(65, 'Hotfix', '3', '', 'hotfixes/BUID_20161223', 1, '', '2016-12-23 14:44:54'),
(66, 'Lấy bảng in, Thêm câu thông báo trong reciept MMS', '2', '', 'Release/BUILD_20161226', 1, '', '2016-12-26 09:16:19'),
(67, 'Thêm tham số uspGetPaySiteOrder', '4', '', 'releases/BUILD_20161230', 1, '', '2016-12-26 11:34:41'),
(68, 'Thêm tham số uspGetPaySiteOrder', '2', '', 'releases/20161230', 1, '', '2016-12-26 11:35:07'),
(69, 'Fixbug Thickbox', '1', '', 'releases/BUILD_20161228', 1, '', '2016-12-28 11:36:03'),
(70, 'Fix giao dịch hủy', '4', '', 'releases/BUILD_20161228', 1, '', '2016-12-28 16:09:33'),
(71, 'Ghi nhận lý do thất bại của giao dịch nạp tiền B2C', '3', '', 'releases/BUILD_20161230', 1, '', '2016-12-30 10:50:21'),
(72, 'Xóa chữ Beta PimCore', '6', '', 'branches/REMOVE_BETA_LOGO', 1, '', '2017-01-05 09:24:36'),
(73, 'Chi tiết lịch sử giao dịch B2C', '1', '', 'branches/FIX_DATE_USERTRANSACTION_LOG_DETAIL', 1, '', '2017-01-06 16:00:28'),
(74, 'Thêm câu thông báo MMS + Barcode', '2', '', 'releases/BUILD_20170110', 1, '', '2017-01-10 11:58:10'),
(75, 'Lịch sử giao dịch', '1', '', '/releases/BUILD_20170112', 1, '', '2017-01-11 15:15:34'),
(76, 'VIB, VPB', '3', '', 'releases/BUILD_20170112', 1, '', '2017-01-12 09:11:20'),
(77, 'Thông báo Top Payoo, MMS', '1', '', 'branches/Message_Top', 1, 'Làm tạm', '2017-01-13 11:46:32'),
(78, 'Thông báo Top Payoo, MMS', '6', '', 'branches/Message_Top', 1, 'Làm tạm', '2017-01-13 11:47:56'),
(79, 'Thông báo Top Payoo, MMS', '2', '', 'branches/Message_Top', 1, 'Làm tạm', '2017-01-13 11:48:25'),
(80, 'Tắt thống kê giao dịch MMS', '2', '', 'BAO_TRI_THONG_KE', 1, 'Làm tạm', '2017-01-13 11:49:23'),
(81, 'Change address', '1', '', 'releases/BUILD_20170116', 1, '', '2017-01-16 13:18:07'),
(82, 'Change address', '3', '', 'releases/BUILD_20170116', 1, '', '2017-01-16 13:18:17'),
(83, 'Change address', '6', '', 'releases/BUILD_20170116', 1, '', '2017-01-16 13:18:25'),
(84, 'Change address', '2', '', 'releases/BUILD_20170116', 1, '', '2017-01-16 13:18:36'),
(85, 'Change address', '5', '', 'release/BUILD_20170116', 1, '', '2017-01-16 13:34:22'),
(86, 'Payoo, MMS, Paycode, BO (Fix Linh tinh)', '1', '', 'releases/BUILD_20170117', 1, '', '2017-01-17 10:00:40'),
(87, 'EVISA', '3', '', 'releases/BUILD_20170118', 1, '', '2017-01-18 14:27:16'),
(88, 'Email, Phone Paycode', '5', '', 'releases/BUILD_20170119', 1, '', '2017-01-19 13:36:55'),
(89, 'Rút tiền', '1', '', 'releases/BUILD_20170119', 3, 'Roll back', '2017-01-19 13:44:22'),
(90, 'Isuer TMDT', '2', '', 'releases/BUILD_20170302', 1, '', '2017-02-03 17:00:20'),
(91, 'Hiển thị số tiền USD', '3', '', 'releases/BUILD_20170602', 1, '', '2017-02-07 09:28:13'),
(92, 'Fix in nhiệt (rút gọn tên khách hàng)', '2', '', 'releases/BUILD_20170207', 1, '', '2017-02-07 11:08:45'),
(93, 'Bổ sung mã lỗi 476', '3', '', 'releases/BUILD_20170208', 1, '', '2017-02-08 09:38:51'),
(94, 'Fix Evisa', '3', '', 'releases/BUILD_20170209', 1, '', '2017-02-09 07:43:43'),
(95, 'Fix Evisa 2', '3', '', 'releases/BUILD_20170215', 1, '', '2017-02-15 07:18:19'),
(96, 'Kiểm tra STK VTB 102010000980726 ', '1', '', 'releases/BUILD_20170217', 1, '', '2017-02-17 02:21:32'),
(99, 'UPDATE REASON CODE', '3', '', 'branches/UPDATE_REASON_CODE', 1, '', '2017-02-23 02:00:21'),
(100, 'CustomerID FEC', '2', '', 'releases/BUILD_20170224', 3, '', '2017-02-24 08:28:31'),
(102, 'Bổ sung thêm cột PaymentMethod thống kê', '1', '', 'releases/BUILD_20170227', 1, '', '2017-02-27 06:36:49'),
(103, 'Cập nhật STK NCB', '1', '', 'releases/BUILD_20170301', 1, '', '2017-03-01 03:50:37'),
(104, 'Item 7', '4', '', 'releases/BUILD_20170306', 3, '', '2017-03-06 03:47:53');

-- --------------------------------------------------------

--
-- Table structure for table `color`
--

CREATE TABLE `color` (
  `color_id` int(11) NOT NULL,
  `color_name` varchar(50) COLLATE utf8_unicode_ci NOT NULL,
  `color_picture` varchar(50) COLLATE utf8_unicode_ci NOT NULL,
  `color_status` int(1) NOT NULL
) ENGINE=InnoDB DEFAULT CHARSET=utf8 COLLATE=utf8_unicode_ci;

--
-- Dumping data for table `color`
--

INSERT INTO `color` (`color_id`, `color_name`, `color_picture`, `color_status`) VALUES
(5, 'Màu Kem NU', 'color_1497691160_Màu Kem - 2.jpg', 1),
(6, 'Màu Đen BA', 'color_1496165573_Màu đen.png', 1),
(7, 'Màu Hồng PI', 'color_1496165595_Màu hồng pastel.png', 1),
(8, 'Màu Xanh Navy NA', 'color_1496560833_Màu xanh navy 2.jpg', 1),
(9, 'Màu Xanh Lá Cây GE', 'color_1496165659_Màu xanh lá cây.jpg', 1),
(10, 'Màu Trắng WH', 'color_1496165805_Màu Trắng.jpg', 1),
(11, 'Màu Vàng YE', 'color_1496165887_Màu Vàng.jpg', 1),
(12, 'Màu Violet VI', 'color_1496166522_Màu violet.png', 1),
(13, 'Màu Nâu BR', 'color_1496167065_Màu nâu.jpg', 1),
(14, 'Màu Cà phê CO', 'color_1496167082_Màu Cafe.png', 1),
(15, 'Màu Xám GR', 'color_1496167340_Màu xám.png', 1),
(16, 'Màu Light Blue LB', 'color_1496250879_Màu light Blue.png', 1),
(17, 'Màu Đồng CO', 'color_1496251366_Màu Đồng.jpg', 0),
(18, 'Màu Đỏ RE', 'color_1496253248_Màu đỏ.jpg', 1),
(20, 'Màu Bạc SI', 'color_1496338866_Màu Bạc.jpg', 1),
(21, 'Màu Đen Bóng BAB', 'color_1496553823_512px-Solid_black.svg.png', 1),
(22, 'Màu Cam OR', 'color_1496560388_Màu cam.png', 1),
(23, 'Màu Xanh BL', 'color_1496560896_mau xanh.jpg', 1),
(24, 'Màu Xanh Olive OL', 'color_1496565664_Màu Olive.jpg', 1),
(25, 'Màu Vàng Gold GO', 'color_1496567358_Màu vàng Gold.jpg', 1),
(26, 'Màu Kem Bóng NUB', 'color_1496593422_Màu kem bóng.png', 1),
(27, 'Màu Copper Bóng COB', 'color_1496594764_Màu Đồng Bóng.jpg', 1);

-- --------------------------------------------------------

--
-- Table structure for table `contact`
--

CREATE TABLE `contact` (
  `contact_id` int(11) NOT NULL,
  `contact_fullname` varchar(50) COLLATE utf8_unicode_ci NOT NULL,
  `contact_email` varchar(255) COLLATE utf8_unicode_ci NOT NULL,
  `contact_phone` int(11) NOT NULL,
  `contact_content` varchar(300) COLLATE utf8_unicode_ci NOT NULL
) ENGINE=InnoDB DEFAULT CHARSET=utf8 COLLATE=utf8_unicode_ci;

-- --------------------------------------------------------

--
-- Table structure for table `email_customer`
--

CREATE TABLE `email_customer` (
  `email_customer_id` int(11) NOT NULL,
  `email_customer_name` varchar(255) COLLATE utf8_unicode_ci NOT NULL
) ENGINE=InnoDB DEFAULT CHARSET=utf8 COLLATE=utf8_unicode_ci;

--
-- Dumping data for table `email_customer`
--

INSERT INTO `email_customer` (`email_customer_id`, `email_customer_name`) VALUES
(1, 'anhtuan150787@gmail.com'),
(3, 'anhvo1911@gmail.com'),
(15, 'caothithienthanh@gmail.com'),
(21, 'hanhphuong26081996@gmail.com'),
(7, 'huongngan292@gmail.com'),
(2, 'khanhdoan2502@gmail.com'),
(24, 'lauratrang2017@gmail.com'),
(23, 'lethuhoa8069@gmail.com'),
(14, 'lienchau118@gmail.com'),
(18, 'mailinh13plaza@gmail.com'),
(13, 'mariahtvnt@yahoo.com'),
(20, 'nghang2509@yahoo.com.vn'),
(11, 'nguyenhongphuong150577@gmail.com'),
(12, 'ntcamvan54@gmail.com'),
(9, 'ntnghia2903@yahoo.vom'),
(16, 'phuongoanh280496@gmail.com'),
(4, 'pinkpig2809@yahoo.com'),
(17, 'rubymyngoc@gmail.com'),
(19, 'thutam8578@gmail.com'),
(10, 'thuthuy03051979@gmail.com'),
(5, 'thuyduong111981@gmail.com'),
(8, 'trang.cdd@gmail.com'),
(22, 'tranmh90.tn@gmail.com'),
(6, 'van71168@yahoo.com');

-- --------------------------------------------------------

--
-- Table structure for table `group_acl`
--

CREATE TABLE `group_acl` (
  `group_acl_id` int(11) NOT NULL,
  `acl_id` int(11) NOT NULL,
  `group_admin_id` int(11) NOT NULL,
  `group_acl_status` int(11) NOT NULL
) ENGINE=InnoDB DEFAULT CHARSET=utf8 COLLATE=utf8_unicode_ci;

--
-- Dumping data for table `group_acl`
--

INSERT INTO `group_acl` (`group_acl_id`, `acl_id`, `group_admin_id`, `group_acl_status`) VALUES
(1, 2, 1, 1),
(2, 1, 1, 1),
(3, 4, 1, 1),
(4, 5, 1, 1),
(5, 6, 1, 1),
(6, 8, 1, 1),
(7, 9, 1, 1),
(8, 10, 1, 1),
(9, 11, 1, 1),
(10, 13, 1, 1),
(11, 14, 1, 1),
(12, 15, 1, 1),
(13, 16, 1, 1),
(14, 18, 1, 1),
(15, 19, 1, 1),
(16, 20, 1, 1),
(17, 21, 1, 1),
(18, 23, 1, 1),
(19, 24, 1, 1),
(20, 25, 1, 1),
(21, 26, 1, 1),
(22, 30, 1, 1),
(23, 31, 1, 1),
(24, 32, 1, 1),
(25, 33, 1, 1),
(26, 35, 1, 1),
(27, 7, 1, 1),
(28, 12, 1, 1),
(29, 3, 1, 1),
(30, 17, 1, 1),
(31, 22, 1, 1),
(32, 29, 1, 1),
(33, 36, 1, 1),
(34, 37, 1, 1),
(35, 38, 1, 1),
(36, 39, 1, 1),
(37, 40, 1, 1),
(38, 41, 1, 1),
(39, 42, 1, 1),
(40, 43, 1, 1),
(41, 44, 1, 1),
(42, 45, 1, 1),
(43, 46, 1, 1),
(44, 47, 1, 1),
(45, 48, 1, 1),
(46, 49, 1, 1),
(47, 50, 1, 1),
(48, 51, 1, 1),
(49, 52, 1, 1),
(50, 53, 1, 1),
(51, 54, 1, 1),
(52, 55, 1, 1),
(53, 56, 1, 1),
(54, 57, 1, 1),
(55, 58, 1, 1),
(56, 59, 1, 1),
(57, 60, 1, 1),
(58, 61, 1, 1),
(59, 62, 1, 1),
(60, 63, 1, 1),
(61, 64, 1, 1),
(62, 65, 1, 1),
(63, 66, 1, 1),
(64, 67, 1, 1),
(65, 1, 2, 1),
(66, 3, 2, 1),
(67, 2, 2, 1),
(68, 4, 2, 1),
(69, 5, 2, 1),
(70, 6, 2, 1),
(71, 7, 2, 1),
(72, 8, 2, 1),
(73, 9, 2, 1),
(74, 10, 2, 1),
(75, 11, 2, 1),
(76, 35, 2, 1),
(77, 12, 2, 1),
(78, 13, 2, 1),
(79, 14, 2, 1),
(80, 15, 2, 1),
(81, 16, 2, 1),
(82, 17, 2, 1),
(83, 18, 2, 1),
(84, 19, 2, 1),
(85, 20, 2, 1),
(86, 21, 2, 1),
(87, 22, 2, 1),
(88, 23, 2, 1),
(89, 24, 2, 1),
(90, 25, 2, 1),
(91, 26, 2, 1),
(92, 29, 2, 1),
(93, 30, 2, 1),
(94, 31, 2, 1),
(95, 32, 2, 1),
(96, 33, 2, 1),
(97, 36, 2, 1),
(98, 37, 2, 1),
(99, 38, 2, 1),
(100, 39, 2, 1),
(101, 40, 2, 1),
(102, 41, 2, 1),
(103, 42, 2, 1),
(104, 43, 2, 1),
(105, 44, 2, 1),
(106, 45, 2, 1),
(107, 46, 2, 1),
(108, 47, 2, 1),
(109, 48, 2, 1),
(110, 49, 2, 1),
(111, 50, 2, 1),
(112, 51, 2, 1),
(113, 52, 2, 1),
(114, 53, 2, 1),
(115, 54, 2, 1),
(116, 55, 2, 1),
(117, 56, 2, 1),
(118, 57, 2, 1),
(119, 58, 2, 1),
(120, 59, 2, 1),
(121, 60, 2, 1),
(122, 61, 2, 1),
(123, 62, 2, 1),
(124, 63, 2, 1),
(125, 64, 2, 1),
(126, 65, 2, 1),
(127, 66, 2, 1),
(128, 67, 2, 1),
(129, 68, 1, 1),
(130, 69, 1, 1),
(131, 70, 1, 1),
(132, 71, 1, 1),
(133, 72, 1, 1),
(134, 73, 1, 1),
(135, 74, 1, 1),
(136, 75, 1, 1),
(137, 76, 1, 1),
(138, 77, 1, 1),
(139, 78, 1, 1),
(140, 79, 1, 1),
(141, 80, 1, 1),
(142, 81, 1, 1),
(143, 82, 1, 1),
(144, 83, 1, 1),
(145, 84, 1, 1),
(146, 85, 1, 1),
(147, 87, 1, 1),
(148, 88, 1, 1),
(149, 89, 1, 1),
(150, 90, 1, 1),
(151, 91, 1, 1),
(152, 92, 1, 1),
(153, 93, 1, 1),
(154, 94, 1, 1),
(155, 95, 1, 1),
(156, 96, 1, 1),
(157, 97, 1, 1),
(158, 98, 1, 1),
(159, 99, 1, 1),
(160, 100, 1, 1),
(161, 101, 1, 0),
(162, 102, 1, 0),
(163, 103, 1, 0),
(164, 104, 1, 0),
(165, 105, 1, 0),
(166, 106, 1, 0),
(167, 107, 1, 0),
(168, 108, 1, 0),
(169, 109, 1, 0),
(170, 110, 1, 0);

-- --------------------------------------------------------

--
-- Table structure for table `group_admin`
--

CREATE TABLE `group_admin` (
  `group_admin_id` int(11) NOT NULL,
  `group_admin_name` varchar(50) COLLATE utf8_unicode_ci NOT NULL,
  `group_admin_status` int(1) NOT NULL
) ENGINE=InnoDB DEFAULT CHARSET=utf8 COLLATE=utf8_unicode_ci;

--
-- Dumping data for table `group_admin`
--

INSERT INTO `group_admin` (`group_admin_id`, `group_admin_name`, `group_admin_status`) VALUES
(1, 'Admin', 1),
(2, 'quantri', 1);

-- --------------------------------------------------------

--
-- Table structure for table `group_menu`
--

CREATE TABLE `group_menu` (
  `group_menu_id` bigint(20) NOT NULL,
  `group_admin_id` int(11) NOT NULL,
  `menu_id` int(11) NOT NULL,
  `group_menu_status` int(11) NOT NULL
) ENGINE=InnoDB DEFAULT CHARSET=utf8 COLLATE=utf8_unicode_ci;

--
-- Dumping data for table `group_menu`
--

INSERT INTO `group_menu` (`group_menu_id`, `group_admin_id`, `menu_id`, `group_menu_status`) VALUES
(1, 1, 10, 1),
(2, 1, 6, 1),
(3, 1, 7, 1),
(4, 1, 8, 1),
(5, 1, 9, 1),
(6, 1, 12, 0),
(7, 1, 13, 0),
(8, 1, 14, 1),
(9, 1, 15, 1),
(10, 1, 16, 1),
(11, 1, 17, 1),
(12, 1, 18, 1),
(13, 1, 19, 1),
(14, 1, 20, 1),
(15, 1, 21, 1),
(16, 1, 22, 1),
(17, 2, 14, 1),
(18, 2, 15, 1),
(19, 2, 16, 1),
(20, 2, 17, 1),
(21, 2, 18, 1),
(22, 2, 19, 1),
(23, 2, 20, 1),
(24, 2, 21, 1),
(25, 2, 22, 1),
(26, 1, 23, 1),
(27, 1, 24, 1),
(28, 1, 25, 1),
(29, 1, 26, 1),
(30, 1, 27, 1),
(31, 1, 28, 1),
(32, 1, 29, 1),
(33, 1, 30, 1),
(34, 1, 31, 1),
(35, 1, 32, 1),
(36, 1, 33, 0),
(37, 1, 34, 0),
(38, 1, 35, 0),
(39, 1, 36, 0),
(40, 1, 37, 0),
(41, 1, 38, 0);

-- --------------------------------------------------------

--
-- Table structure for table `menu`
--

CREATE TABLE `menu` (
  `menu_id` int(11) NOT NULL,
  `menu_name` varchar(255) COLLATE utf8_unicode_ci NOT NULL,
  `menu_parent` int(11) DEFAULT '0',
  `menu_status` int(11) NOT NULL,
  `menu_url` varchar(255) COLLATE utf8_unicode_ci DEFAULT NULL
) ENGINE=InnoDB DEFAULT CHARSET=utf8 COLLATE=utf8_unicode_ci;

--
-- Dumping data for table `menu`
--

INSERT INTO `menu` (`menu_id`, `menu_name`, `menu_parent`, `menu_status`, `menu_url`) VALUES
(6, 'Group admin', 10, 1, 'admin/group-admin'),
(7, 'Admin', 10, 1, 'admin/admin'),
(8, 'Menu', 10, 1, 'admin/menu'),
(9, 'Acl', 10, 1, 'admin/acl'),
(10, 'System', 0, 1, '#'),
(14, 'Giao diện', 0, 1, '#'),
(15, 'Menu top', 14, 1, 'admin/navigation'),
(16, 'Bài viết', 0, 1, ''),
(17, 'Trang nội dung', 16, 1, 'admin/page'),
(18, 'Danh mục Blog', 16, 1, 'admin/news-category'),
(19, 'Blog', 16, 1, 'admin/news'),
(20, 'Sản phẩm', 0, 1, ''),
(21, 'Danh mục sản phẩm', 20, 1, 'admin/product-category'),
(22, 'Sản phẩm', 20, 1, 'admin/product'),
(23, 'Giỏ hàng', 0, 1, '#'),
(24, 'Quản lý đơn hàng', 23, 1, 'admin/order'),
(25, 'Giao diện', 14, 1, 'admin/template'),
(26, 'Màu sản phẩm', 20, 1, 'admin/color'),
(27, 'Kích thước', 20, 1, 'admin/size'),
(28, 'Thông tin Website', 29, 1, 'admin/website'),
(29, 'Website', 0, 1, ''),
(30, 'Khách hàng', 0, 1, ''),
(31, 'Email đăng ký', 30, 1, 'admin/email-customer'),
(32, 'Liên hệ', 30, 1, 'admin/contact');

-- --------------------------------------------------------

--
-- Table structure for table `navigation`
--

CREATE TABLE `navigation` (
  `navigation_id` int(11) NOT NULL,
  `navigation_name` varchar(50) COLLATE utf8_unicode_ci NOT NULL,
  `navigation_url` varchar(255) COLLATE utf8_unicode_ci NOT NULL,
  `navigation_status` int(1) NOT NULL,
  `navigation_parent` int(11) NOT NULL,
  `navigation_position` int(11) NOT NULL,
  `navigation_url_select` varchar(255) COLLATE utf8_unicode_ci NOT NULL
) ENGINE=InnoDB DEFAULT CHARSET=utf8 COLLATE=utf8_unicode_ci;

--
-- Dumping data for table `navigation`
--

INSERT INTO `navigation` (`navigation_id`, `navigation_name`, `navigation_url`, `navigation_status`, `navigation_parent`, `navigation_position`, `navigation_url_select`) VALUES
(1, 'Trang chủ', './', 1, 0, 1, ''),
(2, 'Sản phẩm', 'san-pham', 1, 0, 2, ''),
(3, 'Bộ sưu tập', '', 1, 0, 5, 'bo-suu-tap-nc-3'),
(4, 'Liên hệ', 'lien-he', 1, 0, 6, ''),
(6, 'Giày Cao Gót', '', 1, 2, 0, 'giay-cao-got-pc-1'),
(7, 'Sale', 'san-pham-sale', 1, 0, 4, ''),
(8, 'Giày Búp bê', '', 1, 2, 2, 'giay-bup-be-pc-2'),
(9, 'Giày Sandals', '', 1, 2, 3, 'giay-sandals-pc-3'),
(10, 'Mới', 'san-pham', 1, 0, 3, ''),
(11, 'Giày Đế Xuồng', '', 1, 2, 0, 'giay-de-xuong-pc-4'),
(12, 'Giày Sneaker', '', 1, 2, 0, 'giay-sneaker-pc-5'),
(13, 'Dép Nữ', '', 1, 2, 4, 'dep-nu-pc-6');

-- --------------------------------------------------------

--
-- Table structure for table `news`
--

CREATE TABLE `news` (
  `news_id` int(11) NOT NULL,
  `news_title` varchar(255) COLLATE utf8_unicode_ci NOT NULL,
  `news_quote` text COLLATE utf8_unicode_ci,
  `news_content` longtext COLLATE utf8_unicode_ci,
  `news_status` int(11) NOT NULL,
  `news_picture` varchar(255) COLLATE utf8_unicode_ci DEFAULT NULL,
  `news_category_id` int(11) DEFAULT NULL
) ENGINE=InnoDB DEFAULT CHARSET=utf8 COLLATE=utf8_unicode_ci;

--
-- Dumping data for table `news`
--

INSERT INTO `news` (`news_id`, `news_title`, `news_quote`, `news_content`, `news_status`, `news_picture`, `news_category_id`) VALUES
(4, 'KAYLEE CÙNG MAI HỒ', '<p>Bạn c&oacute; sẵn s&agrave;ng cho cuộc dạo chơi với đ&ocirc;i sandal nhẹ t&ecirc;nh hay đ&ocirc;i b&uacute;p b&ecirc; dễ thương?&nbsp;</p>\r\n<p>Kaylee &amp; Mai Hồ muốn đem đến Bộ Sưu Tập với những đ&ocirc;i giầy nổi bật nhất cho m&ugrave;a h&egrave; n&agrave;y.</p>', '<p>&nbsp;</p>\r\n<p>Những đ&ocirc;i giầy sandal được phối d&acirc;y kho&aacute; nhẹ nh&agrave;ng nhưng tinh tế. Những đ&ocirc;i b&uacute;p b&ecirc; đơn giản v&agrave; mang lại sự &ecirc;m &aacute;i cho đ&ocirc;i ch&acirc;n.</p>\r\n<p>Với nhiều kiểu d&aacute;ng để lựa chọn, Kaylee c&ugrave;ng đội ngũ nh&acirc;n vi&ecirc;n chuy&ecirc;n nghiệp sẽ tư vấn cho c&aacute;c c&ocirc; n&agrave;ng c&oacute; được đ&ocirc;i giầy ph&ugrave; hợp nhất cho m&igrave;nh.</p>\r\n<p>Hệ thống cửa h&agrave;ng:&nbsp;<br /> Cửa h&agrave;ng 1: 407A L&ecirc; Văn Sỹ, P.12, Q.3&nbsp;<br /> Cửa h&agrave;ng 2: 250 Nguyễn Thị Thập, P.T&acirc;n Quy, Q.7</p>\r\n<p>&nbsp;</p>\r\n<p><img src=\"/pictures/content/Lookbook-MH-0123.png\" alt=\"\" width=\"350\" height=\"350\" />&nbsp; &nbsp; &nbsp;<img src=\"/pictures/content/Lookbook-MH-0145.png\" alt=\"\" width=\"350\" height=\"350\" /></p>\r\n<div class=\"text_exposed_show\">\r\n<p><img src=\"/pictures/content/Lookbook-MH-0246.png\" alt=\"\" width=\"350\" height=\"350\" />&nbsp; &nbsp; &nbsp;&nbsp;<img src=\"/pictures/content/Lookbook-MH-0279.png\" alt=\"\" width=\"350\" height=\"350\" /></p>\r\n<p><img src=\"/pictures/content/Lookbook-MH-0288.png\" alt=\"\" width=\"350\" height=\"350\" />&nbsp; &nbsp;&nbsp;<img src=\"/pictures/content/Lookbook-MH-0338.png\" alt=\"\" width=\"350\" height=\"350\" /></p>\r\n<p><img src=\"/pictures/content/Lookbook-MH-0389.png\" alt=\"\" width=\"350\" height=\"350\" />&nbsp; &nbsp; &nbsp;&nbsp;<img src=\"/pictures/content/Lookbook-MH-0439.png\" alt=\"\" width=\"350\" height=\"350\" /></p>\r\n<p><img src=\"/pictures/content/Lookbook-MH-0449.png\" alt=\"\" width=\"350\" height=\"350\" />&nbsp; &nbsp; &nbsp;<img src=\"/pictures/content/Lookbook-MH-0491.png\" alt=\"\" width=\"350\" height=\"350\" /></p>\r\n<p><img src=\"/pictures/content/Lookbook-MH-9751.png\" alt=\"\" width=\"350\" height=\"350\" />&nbsp; &nbsp; &nbsp;<img src=\"/pictures/content/Lookbook-MH-9771.png\" alt=\"\" width=\"350\" height=\"350\" /></p>\r\n<p><img src=\"/pictures/content/Lookbook-MH-9824.png\" alt=\"\" width=\"350\" height=\"350\" />&nbsp; &nbsp; &nbsp;<img src=\"/pictures/content/Lookbook-MH-9867.png\" alt=\"\" width=\"350\" height=\"350\" /></p>\r\n<p><img src=\"/pictures/content/Lookbook-MH-9912.png\" alt=\"\" width=\"350\" height=\"350\" />&nbsp; &nbsp; &nbsp;<img src=\"/pictures/content/Lookbook-MH-9930.png\" alt=\"\" width=\"350\" height=\"350\" /></p>\r\n<p>&nbsp;</p>\r\n<p>&nbsp;</p>\r\n</div>', 1, 'news_1500438332_Lookbook-MH-0449.png', 3),
(5, 'KAYLEE CÙNG MC LIÊU HÀ TRINH', '<p style=\"margin: 0px 0px 6px; font-family: Helvetica, Arial, sans-serif; color: #1d2129; font-size: 14px;\">Với mục đ&iacute;ch muốn đồng h&agrave;nh c&ugrave;ng c&aacute;c c&ocirc; n&agrave;ng Kaylee tr&ecirc;n mọi nẻo đường, Kaylee đ&atilde; cho ra đời những đ&ocirc;i giầy cao g&oacute;t với kiểu d&aacute;ng đa dạng.&nbsp;</p>\r\n<p style=\"margin: 0px 0px 6px; font-family: Helvetica, Arial, sans-serif; color: #1d2129; font-size: 14px;\">Kaylee gửi lời cảm ơn đến c&ocirc; bạn MC Li&ecirc;u H&agrave; Trinh c&ugrave;ng ekip đ&atilde; đồng h&agrave;nh c&ugrave;ng Kaylee thực hiện bộ ảnh n&agrave;y.</p>\r\n<p style=\"margin: 0px 0px 6px; font-family: Helvetica, Arial, sans-serif; color: #1d2129; font-size: 14px;\">&nbsp;</p>', '<p><span style=\"font-size: 12pt;\">Giầy cao g&oacute;t kh&ocirc;ng những c&oacute; thể mang lại vẻ đẹp b&ecirc;n ngo&agrave;i c&ograve;n thể hiện được c&aacute; t&iacute;nh của bản th&acirc;n người phụ nữ. Người th&igrave; th&iacute;ch những đ&ocirc;i giầy cao g&oacute;t c&oacute; đế thật chắc chắn để tạo sự tự tin cho từng bước ch&acirc;n. Người th&igrave; th&iacute;ch những đ&ocirc;i giầy cao g&oacute;t c&oacute; quai để thể hiện sự thanh mảnh thon thả của đ&ocirc;i ch&acirc;n.</span></p>\r\n<p><span style=\"font-size: 12pt;\">Đến với Kaylee, ch&uacute;ng t&ocirc;i tin rằng&nbsp;<span class=\"text_exposed_show\">c&oacute; thể thoả m&atilde;n được c&aacute;c c&ocirc; g&aacute;i trong từng kiểu giầy.</span></span></p>\r\n<div class=\"text_exposed_show\">\r\n<p><span style=\"font-size: 12pt;\">MC Li&ecirc;u H&agrave; Trinh c&oacute; chia sẻ, giầy cao g&oacute;t l&agrave; kh&ocirc;ng thể thiếu trong c&ocirc;ng việc hằng ng&agrave;y. C&ocirc;ng việc cũng đ&ograve;i hỏi Trinh phải lu&ocirc;n thay đổi. Kaylee đ&atilde; phần n&agrave;o đ&aacute;p ứng được nhu cầu nho nhỏ của Trinh rồi đ&oacute;&nbsp;<span class=\"_5mfr _47e3\"><img class=\"img\" src=\"https://www.facebook.com/images/emoji.php/v9/f5f/1.5/16/1f460.png\" alt=\"\" width=\"16\" height=\"16\" /></span></span></p>\r\n<p>&nbsp;</p>\r\n<p><img src=\"/pictures/content/thumbs/2.jpg\" alt=\"\" width=\"310\" height=\"207\" />&nbsp;<img src=\"/pictures/content/thumbs/6.jpg\" alt=\"\" width=\"310\" height=\"207\" /></p>\r\n<p><img src=\"/pictures/content/thumbs/4.jpg\" alt=\"\" width=\"310\" height=\"207\" />&nbsp;<img src=\"/pictures/content/thumbs/7.jpg\" alt=\"\" width=\"310\" height=\"207\" /></p>\r\n<p><img src=\"/pictures/content/thumbs/19.jpg\" alt=\"\" width=\"310\" height=\"207\" />&nbsp;<img src=\"/pictures/content/thumbs/15.jpg\" alt=\"\" width=\"310\" height=\"207\" /></p>\r\n<p><img src=\"/pictures/content/thumbs/3.jpg\" alt=\"\" width=\"305\" height=\"204\" />&nbsp;&nbsp;<img src=\"/pictures/content/thumbs/8.jpg\" alt=\"\" width=\"305\" height=\"204\" /></p>\r\n<p><img src=\"/pictures/content/thumbs/9.jpg\" alt=\"\" width=\"305\" height=\"204\" />&nbsp;&nbsp;<img src=\"/pictures/content/thumbs/11.jpg\" alt=\"\" width=\"305\" height=\"204\" /></p>\r\n<p><img src=\"/pictures/content/thumbs/21.jpg\" alt=\"\" width=\"305\" height=\"204\" />&nbsp;&nbsp;<img src=\"/pictures/content/thumbs/23.jpg\" alt=\"\" width=\"305\" height=\"204\" /></p>\r\n<p><img src=\"/pictures/content/thumbs/24.jpg\" alt=\"\" width=\"305\" height=\"204\" />&nbsp;&nbsp;<img src=\"/pictures/content/thumbs/1.jpg\" alt=\"\" width=\"310\" height=\"207\" /></p>\r\n<p><img src=\"/pictures/content/thumbs/13.jpg\" alt=\"\" width=\"205\" height=\"307\" />&nbsp;<img src=\"/pictures/content/thumbs/14.jpg\" alt=\"\" width=\"205\" height=\"307\" />&nbsp;<img src=\"/pictures/content/thumbs/16.jpg\" alt=\"\" width=\"205\" height=\"307\" /></p>\r\n<p>&nbsp; &nbsp; &nbsp; &nbsp; &nbsp; &nbsp; &nbsp; &nbsp; &nbsp; &nbsp;&nbsp;<img src=\"/pictures/content/thumbs/17.jpg\" alt=\"\" width=\"205\" height=\"307\" />&nbsp; &nbsp; &nbsp; &nbsp; &nbsp; &nbsp;<img src=\"/pictures/content/thumbs/18.jpg\" alt=\"\" width=\"205\" height=\"307\" /></p>\r\n<p>&nbsp; &nbsp; &nbsp; &nbsp; &nbsp; &nbsp; &nbsp; &nbsp; &nbsp; &nbsp; &nbsp; &nbsp; &nbsp; &nbsp; &nbsp; &nbsp; &nbsp; &nbsp; &nbsp; &nbsp; &nbsp; &nbsp;<img src=\"/pictures/content/thumbs/20.jpg\" alt=\"\" width=\"339\" height=\"226\" /></p>\r\n<p><img src=\"/pictures/content/thumbs/10.jpg\" alt=\"\" width=\"205\" height=\"307\" />&nbsp;<img src=\"/pictures/content/thumbs/12.jpg\" alt=\"\" width=\"205\" height=\"307\" />&nbsp;<img src=\"/pictures/content/thumbs/22.jpg\" alt=\"\" width=\"205\" height=\"307\" /></p>\r\n<p>&nbsp;</p>\r\n</div>', 1, 'news_1498910129_LIN_7325 copy.jpg', 3),
(6, 'New Arrival', '', '', 0, 'news_1491123010_charles-keith-stories-robyn-kotze-2-blog-1.jpg', 0);

-- --------------------------------------------------------

--
-- Table structure for table `news_category`
--

CREATE TABLE `news_category` (
  `news_category_id` int(11) NOT NULL,
  `news_category_name` varchar(50) COLLATE utf8_unicode_ci NOT NULL,
  `news_category_parent` int(11) NOT NULL,
  `news_category_status` int(11) NOT NULL
) ENGINE=InnoDB DEFAULT CHARSET=utf8 COLLATE=utf8_unicode_ci;

--
-- Dumping data for table `news_category`
--

INSERT INTO `news_category` (`news_category_id`, `news_category_name`, `news_category_parent`, `news_category_status`) VALUES
(2, 'Bộ sưu tập', 2, 1),
(3, 'Bộ sưu tập', 0, 1);

-- --------------------------------------------------------

--
-- Table structure for table `order`
--

CREATE TABLE `order` (
  `order_id` int(11) NOT NULL,
  `order_fullname` varchar(50) COLLATE utf8_unicode_ci NOT NULL,
  `order_email` varchar(255) COLLATE utf8_unicode_ci NOT NULL,
  `order_address` varchar(255) COLLATE utf8_unicode_ci NOT NULL,
  `order_phone` varchar(50) COLLATE utf8_unicode_ci NOT NULL,
  `order_note` text COLLATE utf8_unicode_ci NOT NULL,
  `order_status` int(11) NOT NULL,
  `order_amount` int(11) NOT NULL,
  `order_fee` int(11) NOT NULL,
  `order_date` datetime NOT NULL,
  `order_code` varchar(50) COLLATE utf8_unicode_ci NOT NULL,
  `order_time_from` varchar(50) COLLATE utf8_unicode_ci NOT NULL,
  `order_time_to` varchar(50) COLLATE utf8_unicode_ci NOT NULL,
  `order_district` varchar(50) COLLATE utf8_unicode_ci NOT NULL,
  `order_payment_method` varchar(255) COLLATE utf8_unicode_ci NOT NULL
) ENGINE=InnoDB DEFAULT CHARSET=utf8 COLLATE=utf8_unicode_ci;

--
-- Dumping data for table `order`
--

INSERT INTO `order` (`order_id`, `order_fullname`, `order_email`, `order_address`, `order_phone`, `order_note`, `order_status`, `order_amount`, `order_fee`, `order_date`, `order_code`, `order_time_from`, `order_time_to`, `order_district`, `order_payment_method`) VALUES
(1, 'test test', 'anhtuan150787@yahoo.com', 'test', '944112211', '', 1, 430000, 30000, '2017-06-05 13:41:17', 'ZH0771', '08:00', '18:00', 'Quận Bình Tân', 'Tiền mặt'),
(2, 'test test', 'anhtuan150787@gmail.com', 'test', '944518855', '', 1, 445000, 30000, '2017-06-16 13:16:30', 'WX9902', '08:00', '18:00', 'Quận Phú Nhuận', 'Tiền mặt'),
(3, 'Ha', 'jhvn108@yahoo.com', 'E48 KDC PK', '903317472', '', 1, 510000, 30000, '2017-06-18 10:57:20', 'YC4403', '08:00', '18:00', 'Huyện Nhà Bè', 'Tiền mặt'),
(4, 'Ha', 'jhv108@yahoo.com', '200 Nguyen thi thap', '903317472', 'KL1002', 1, 440000, 20000, '2017-06-18 11:11:56', 'KF3164', '08:00', '18:00', 'Quận 7', 'Tiền mặt'),
(5, 'Test Tỉnh thành khác', 'test@yahoo.com', 'test', '944518822', 'test', 1, 415000, 0, '2017-06-18 11:36:32', 'OB7925', '08:00', '18:00', 'Tỉnh thành khác', 'Chuyển khoản'),
(6, 'tét di dong', 'anhtuan150787@gmail.com', 'tét', '944518855', '', 1, 415000, 20000, '2017-06-20 09:47:56', 'YJ0766', '08:00', '18:00', 'Quận 4', 'Chuyển khoản'),
(7, 'Tram Anh Vo Luong', 'anhvo1911@gmail.com', '676/58 Vo Van Kiet Street Ward 1 District 5', '967111568', '', 1, 345000, 30000, '2017-06-28 15:32:01', 'LX9217', '08:00', '18:00', 'Quận 5', 'Tiền mặt'),
(8, 'Trần Thị Ngọc Trinh', 'tranngoctrinh09@gmail.com', '56-97 Nguyễn Đình Chiểu, Hàm Tiến, Phan Thiết, Bình Thuận', '938082467', '', 1, 450000, 0, '2017-07-07 05:04:40', 'WT8808', '08:00', '16:00', 'Tỉnh thành khác', 'Tiền mặt'),
(9, 'Ha', 'jhvn108@yahoo.com', '32 Mac Dinh Chi', '903317472', '', 1, 430000, 0, '2017-07-08 11:27:23', 'ZY2439', '08:00', '18:00', 'Tỉnh thành khác', 'Tiền mặt'),
(10, 'test test', 'anhtuan150787@yahoo.com', 'test test', '944518855', 'test', 1, 425000, 0, '2017-07-09 04:56:24', 'KR18410', '08:00', '18:00', 'Tỉnh thành khác', 'Tiền mặt'),
(11, 'test test', 'anhtuan150787@yahoo.com', 'test test', '944517711', 'test', 1, 425000, 0, '2017-07-09 05:07:59', 'VE87911', '08:00', '18:00', 'Tỉnh thành khác', 'Chuyển khoản'),
(12, 'tes test', 'anhtuan150787@yahoo.com', 'test test', '923123123', '', 1, 455000, 30000, '2017-07-09 05:09:02', 'PV94212', '08:00', '18:00', 'Quận Bình Tân', 'Tiền mặt'),
(13, 'Nguyen thi tu uyen', 'tu.uyentt3@gmail.com', '49 pasteur phường thái bình', '938998308', '', 1, 450000, 20000, '2017-07-13 16:00:35', 'KQ63513', '08:00', '16:00', 'Quận 1', 'Tiền mặt'),
(14, 'Nguyễn Thị Hoàng Điệp', 'gumiheo@gmail.com', '02 Nguyễn Văn Trị, Phường Thanh Bình, Biên Hoà, Đồng Nai', '946858586', '', 1, 805000, 0, '2017-07-19 14:53:13', 'XG99314', '08:00', '16:00', 'Tỉnh thành khác', 'Chuyển khoản'),
(15, 'Lương Thị Tường Vy', 'vievie.luong@yahoo.com', '237/2/39 Hoà Bình p.Hiệp Tân', '906667998', '', 1, 345000, 30000, '2017-08-01 15:08:00', 'KJ08015', '08:00', '18:00', 'Quận Tân Phú', 'Tiền mặt'),
(16, 'Nguyễn thị ni na ', 'Mattanguyenthinina@gmail.com', '49phan chu trinh', '938494561', '', 1, 380000, 20000, '2017-08-11 08:44:25', 'KN06616', '09:00', '18:00', 'Quận 1', 'Tiền mặt'),
(17, 'Vu Châu', 'kimchaubk@hcmut.edu.vn', '194 Bàu Cát', '908269570', '', 1, 455000, 30000, '2017-08-14 11:58:55', 'WS93517', '08:00', '18:00', 'Quận Tân Bình', 'Tiền mặt'),
(18, 'Hang Nga', 'hangnganguyen109@gmail.com', '172 Hai Ba Trung, Dakao', '906621324', '', 1, 760000, 20000, '2017-08-24 04:28:47', 'TA92718', '08:00', '18:00', 'Quận 1', 'Tiền mặt'),
(19, 'Phùng Thị Trag', 'quynhtrangngyn@yahoo.com', '150/29 Huỳnh Tấn Phát,P.Tân Thuận Tây', '908769972', '', 1, 415000, 20000, '2017-08-28 12:46:47', 'MY40719', '08:00', '18:00', 'Quận 7', 'Tiền mặt'),
(20, 'Phan thị khánh thy', 'Thykhanhacb@gmail.com', '14/48 đặng văn bình, p1, tp cao lãnh, đồng tháp ', '916905658', '', 0, 415000, 0, '2017-08-30 15:40:28', 'BF62820', '08:00', '18:00', 'Tỉnh thành khác', 'Chuyển khoản'),
(21, 'Ha', 'jhvn108@yahoo.com', '119 Dien Bien Phu', '903317472', '', 1, 440000, 20000, '2017-08-31 03:07:46', 'GA86621', '08:00', '18:00', 'Quận 1', 'Tiền mặt'),
(22, 'Vũ Châu', 'kimchaubk@hcmut.edu.vn', '142 Tô hiến thành', '0908269570', '', 0, 455000, 30000, '2017-10-04 14:10:46', 'FE24622', '09:00', '12:00', 'Quận 10', 'Tiền mặt');

-- --------------------------------------------------------

--
-- Table structure for table `order_detail`
--

CREATE TABLE `order_detail` (
  `order_detail_id` int(11) NOT NULL,
  `order_id` int(11) NOT NULL,
  `product_name` varchar(50) COLLATE utf8_unicode_ci NOT NULL,
  `product_price` int(11) NOT NULL,
  `quality` int(11) NOT NULL,
  `product_id` int(11) NOT NULL,
  `product_picture` varchar(255) COLLATE utf8_unicode_ci NOT NULL,
  `product_code` varchar(50) COLLATE utf8_unicode_ci NOT NULL,
  `color` varchar(50) COLLATE utf8_unicode_ci NOT NULL,
  `size` varchar(50) COLLATE utf8_unicode_ci NOT NULL
) ENGINE=InnoDB DEFAULT CHARSET=utf8 COLLATE=utf8_unicode_ci;

--
-- Dumping data for table `order_detail`
--

INSERT INTO `order_detail` (`order_detail_id`, `order_id`, `product_name`, `product_price`, `quality`, `product_id`, `product_picture`, `product_code`, `color`, `size`) VALUES
(1, 1, 'Giày Bít BNN1109', 400000, 1, 127, 'product_1496595786_IMG_8546.jpg', 'BNN1109', 'Màu Đen BA', '37'),
(2, 2, 'Giày Bít BNK31075', 415000, 1, 186, 'product_1497603355_BNK31075NU.jpg', 'BNK31075', 'Màu Đen BA', '38'),
(3, 3, 'Giày Bít BNX72157', 480000, 1, 175, 'product_1497768570_THVU8735.jpg', 'BNX72157', 'Màu Kem NU', '36'),
(4, 4, 'Giày Bít BNK2159', 420000, 1, 176, 'product_1497775421_THVU8723.jpg', 'BNK2159', 'Màu Đen BA', '36'),
(5, 5, 'Giày Bít BNK31075', 415000, 1, 186, 'product_1497603355_BNK31075NU.jpg', 'BNK31075', 'Màu Đen BA', '38'),
(6, 6, 'Giày Đế Xuồng XNT1110', 395000, 1, 189, 'product_1497606719_XNT1110GR- SUA LÓT TRONG CHIEC PHAI.jpg', 'XNT1110', 'Màu Đen BA', '38'),
(7, 7, 'Dép Nữ GD1051', 315000, 1, 76, 'product_1498277975_GD1051BA.jpg', 'GD1051', 'Màu Hồng PI', '35'),
(8, 8, 'Sneaker SNH1016', 450000, 1, 37, 'product_1498797483_465A7267.jpg', 'SNH1016', 'Màu Trắng WH', '38'),
(9, 9, 'Giày Cao Gót BNK72169', 430000, 1, 182, 'product_1498808539_465A7308.jpg', 'BNK72169', 'Màu Kem NU', '36'),
(10, 10, 'Sandals SDD1136', 425000, 1, 188, 'product_1498670883_465A7537.jpg', 'SDD1136', 'Màu Đen BA', '38'),
(11, 11, 'Sandals SDD1136', 425000, 1, 188, 'product_1498670883_465A7537.jpg', 'SDD1136', 'Màu Đen BA', '38'),
(12, 12, 'Sandals SDD1136', 425000, 1, 188, 'product_1498670883_465A7537.jpg', 'SDD1136', 'Màu Đen BA', '38'),
(13, 13, 'Sandal SDT1140', 430000, 1, 157, 'product_1498802608_465A7493.jpg', 'SDT1140', 'Màu Nâu BR', '38'),
(14, 14, 'Sneaker SNH1101', 410000, 1, 117, 'product_1498801875_465A7257.jpg', 'SNH1101', 'Màu Trắng WH', '37'),
(15, 14, 'Sneaker SNR1017', 395000, 1, 38, 'product_1498797527_465A7265.jpg', 'SNR1017', 'Màu Hồng PI', '37'),
(16, 15, 'Dép Nữ GD1051', 315000, 1, 76, 'product_1498799722_465A7428.jpg', 'GD1051', 'Màu Hồng PI', '37'),
(17, 16, 'Sandals SDT1165', 360000, 1, 181, 'product_1498678384_465A7553.jpg', 'SDT1165', 'Màu Đen BA', '38'),
(18, 17, 'Giày Cao Gót BNT72155', 425000, 1, 172, 'product_1498676000_465A7384.jpg', 'BNT72155', 'Màu Cam OR', '36'),
(19, 18, 'Búp Bê BBN3032', 335000, 1, 14, 'product_1497696195_BBN3032GR.jpg', 'BBN3032', 'Màu Xám GR', '37'),
(20, 18, 'Sandal SDL1108', 405000, 1, 126, 'product_1498402241_SDL1108BR-405.jpg', 'SDL1108', 'Màu Xám GR', '35'),
(21, 19, 'Giày Đế Xuồng XNT1110', 395000, 1, 189, 'product_1498403179_465A7399.jpg', 'XNT1110', 'Màu Đen BA', '35'),
(22, 20, 'Giày Đế Xuồng XT1019', 415000, 1, 40, 'product_1498797633_465A7419.jpg', 'XT1019', 'Màu Nâu BR', '35'),
(23, 21, 'Giày Cao Gót BNK52182', 420000, 1, 197, 'product_1504064376_IMG_9520.jpg', 'BNK52182', 'Màu Đen Bóng BAB', '36'),
(24, 22, 'Giày Cao Gót BNN71078', 425000, 1, 97, 'product_1497603590_BNN71078RE.jpg', 'BNN71078', 'Màu Đỏ RE', '36');

-- --------------------------------------------------------

--
-- Table structure for table `page`
--

CREATE TABLE `page` (
  `page_id` int(11) NOT NULL,
  `page_title` varchar(255) COLLATE utf8_unicode_ci NOT NULL,
  `page_content` longtext COLLATE utf8_unicode_ci NOT NULL,
  `page_status` int(11) NOT NULL
) ENGINE=InnoDB DEFAULT CHARSET=utf8 COLLATE=utf8_unicode_ci;

--
-- Dumping data for table `page`
--

INSERT INTO `page` (`page_id`, `page_title`, `page_content`, `page_status`) VALUES
(1, 'Giới thiệu', '<p>Lorem ipsum dolor sit amet, consectetur adipiscing elit. Curabitur turpis lorem, maximus id luctus nec, suscipit non quam. Interdum et malesuada fames ac ante ipsum primis in faucibus. Ut eleifend malesuada aliquam. Praesent tincidunt dui velit, vitae feugiat nulla pulvinar ac. Nunc auctor volutpat urna eget posuere. Nulla posuere ex sit amet libero rutrum fringilla. Aliquam a augue vulputate, viverra diam a, varius nibh. Donec consectetur aliquet justo et suscipit. Etiam sed massa nunc.</p>', 1),
(2, 'Mua hàng', '<p>Lorem ipsum dolor sit amet, consectetur adipiscing elit. Curabitur turpis lorem, maximus id luctus nec, suscipit non quam. Interdum et malesuada fames ac ante ipsum primis in faucibus. Ut eleifend malesuada aliquam. Praesent tincidunt dui velit, vitae feugiat nulla pulvinar ac. Nunc auctor volutpat urna eget posuere. Nulla posuere ex sit amet libero rutrum fringilla. Aliquam a augue vulputate, viverra diam a, varius nibh. Donec consectetur aliquet justo et suscipit. Etiam sed massa nunc.</p>', 1);

-- --------------------------------------------------------

--
-- Table structure for table `product`
--

CREATE TABLE `product` (
  `product_id` int(11) NOT NULL,
  `product_name` varchar(255) COLLATE utf8_unicode_ci NOT NULL,
  `product_code` varchar(255) COLLATE utf8_unicode_ci DEFAULT NULL,
  `product_price` int(11) DEFAULT NULL,
  `product_description` longtext COLLATE utf8_unicode_ci,
  `product_status` int(11) NOT NULL,
  `product_picture` varchar(255) COLLATE utf8_unicode_ci DEFAULT NULL,
  `product_category_id` int(11) DEFAULT NULL,
  `product_price_old` int(11) DEFAULT NULL,
  `product_type_new` int(1) NOT NULL,
  `product_type_sale` int(1) NOT NULL
) ENGINE=InnoDB DEFAULT CHARSET=utf8 COLLATE=utf8_unicode_ci;

--
-- Dumping data for table `product`
--

INSERT INTO `product` (`product_id`, `product_name`, `product_code`, `product_price`, `product_description`, `product_status`, `product_picture`, `product_category_id`, `product_price_old`, `product_type_new`, `product_type_sale`) VALUES
(4, 'Búp Bê BBH1106', 'BBH1106', 390000, '<p>- Chất liệu : Lụa cao cấp in hoa</p>\r\n<p>- Loại g&oacute;t : Đế bệt</p>', 1, 'product_1497606277_BBH1106YE.jpg', 2, 0, 1, 0),
(5, 'Búp Bê BBKT1062', 'BBKT1062', 375000, '<p>- Chất liệu : Da tổng hợp</p>\r\n<p>- Loại g&oacute;t : Đế bệt</p>', 1, 'product_1497602199_BBKT1062YE.jpg', 2, 0, 1, 0),
(6, 'Búp Bê BBL1115', 'BBL1115', 390000, '<p>- Chất liệu : Da tổng hợp c&oacute; bắn laser</p>\r\n<p>- Loại g&oacute;t : Đế bệt</p>', 1, 'product_1497607030_THVU6909.jpg', 2, 0, 1, 0),
(7, 'Búp Bê BBN1042', 'BBN1042', 495000, '<p>- Chất liệu : Da b&ograve; thật</p>\r\n<p>- Loại g&oacute;t : Đế bệt</p>', 1, 'product_1497697030_BBN1042BA.jpg', 2, 0, 1, 0),
(8, 'Búp Bê BBN1067', 'BBN1067', 335000, '<p>- Chất liệu : Da tổng hợp</p>\r\n<p>- Loại g&oacute;t : Đế bệt</p>', 1, 'product_1497602544_BBN1067NU.jpg', 2, 0, 1, 0),
(9, 'Búp Bê BBN1068', 'BBN1068', 355000, '<p>- Chất liệu : Da tổng hợp</p>\r\n<p>- Loại g&oacute;t : Đế bệt</p>', 1, 'product_1497602599_BBN1068GO-355.jpg', 2, 0, 1, 0),
(10, 'Búp Bê BBN1100', 'BBN1100', 365000, '<p>- Chất liệu : Da tổng hợp</p>\r\n<p>- Loại g&oacute;t : Đế bệt</p>', 1, 'product_1497605790_BBN1100NU.jpg', 2, 0, 1, 0),
(11, 'Búp Bê BBN1111', 'BBN1111', 395000, '<p>- Chất liệu : Da tổng hợp</p>\r\n<p>- Loại g&oacute;t : Đế bệt</p>', 1, 'product_1497606791_BBN1111LB.jpg', 2, 0, 1, 0),
(12, 'Búp Bê BBN1112', 'BBN1112', 390000, '<p>- Chất liệu : Da tổng hợp</p>\r\n<p>- Loại g&oacute;t : Đế bệt</p>', 1, 'product_1497606841_bbn1112YE.jpg', 2, 0, 1, 0),
(13, 'Búp Bê BBN3031', 'BBN3031', 335000, '<p>- Chất liệu : Da tổng hợp</p>\r\n<p>- Loại g&oacute;t : Đế bệt</p>', 1, 'product_1497696168_BBN3031NU.jpg', 2, 0, 1, 0),
(14, 'Búp Bê BBN3032', 'BBN3032', 335000, '<p>- Chất liệu : Da tổng hợp</p>\r\n<p>- Loại g&oacute;t : Đế bệt</p>', 1, 'product_1497696195_BBN3032GR.jpg', 2, 0, 1, 0),
(15, ' Búp Bê BBT3033', 'BBT3033', 325000, '<p>- Chất liệu : Da tổng hợp</p>\r\n<p>- Loại g&oacute;t : Đế bệt</p>', 1, 'product_1497696225_BBT3033NU.jpg', 2, 0, 1, 0),
(16, 'Giày Cao Gót BHN1061', 'BHN1061', 380000, '<p>- Chất liệu : Da tổng hợp</p>\r\n<p>- Cao g&oacute;t : 7 cm</p>\r\n<p>- Loại g&oacute;t : G&oacute;t nhọn</p>', 1, 'product_1498800037_THVU6759.jpg', 1, 0, 1, 0),
(17, 'Giày Cao Gót  BHN72007', 'BHN72007', 395000, '<p>- Chất liệu : Da tổng hợp.</p>\r\n<p>- Cao g&oacute;t : 7 cm.</p>\r\n<p>- Loại g&oacute;t : G&oacute;t nhọn, hở mũi.</p>', 1, 'product_1497599214_BHN72007BR.jpg', 1, 0, 1, 0),
(18, 'Giày Cao Gót BNH51069', 'BNH51069', 425000, '<p>- Chất liệu : Da tổng hợp</p>\r\n<p>- Cao g&oacute;t : 5 cm</p>\r\n<p>- Loại g&oacute;t : G&oacute;t nhọn</p>', 1, 'product_1498298708_BNH51069RE-425.jpg', 1, 0, 1, 0),
(19, 'Giày Cao Gót BNH52009', 'BNH52009', 435000, '<p>- Chất liệu : Da tổng hợp</p>\r\n<p>- Cao g&oacute;t : 5 cm</p>\r\n<p>- Loại g&oacute;t : g&oacute;t nhọn</p>', 1, 'product_1497588687_BNH52009GR.jpg', 1, 0, 1, 0),
(20, 'Giày Bít BNH71102', 'BNH71102', 420000, '<p>- Chất liệu : Lụa cao cấp</p>\r\n<p>- Cao g&oacute;t : 7 cm</p>\r\n<p>- Loại g&oacute;t : G&oacute;t nhọn</p>', 1, 'product_1497605865_BNH71102BA.jpg', 1, 0, 1, 0),
(21, 'Giày CAO GÓT BNH72004', 'BNH72004', 455000, '<p>- Chất liệu : Lụa cao cấp c&oacute; hoa văn</p>\r\n<p>- Cao g&oacute;t : 7 cm</p>\r\n<p>- Loại g&oacute;t : G&oacute;t nhọn</p>', 1, 'product_1497600210_THVU6721.jpg', 1, 0, 1, 0),
(22, 'Giày Bít BNKT1079', 'BNKT1079', 400000, '<p>- Chất liệu : Da tổng hợp</p>\r\n<p>- Cao g&oacute;t : 5 cm</p>\r\n<p>- Loại g&oacute;t : G&oacute;t vu&ocirc;ng</p>', 1, 'product_1497603742_THVU6738.jpg', 1, 0, 1, 0),
(23, 'Sandal SDX2001', 'SDX2001', 415000, '<p>- Chất liệu : Da tổng hợp</p>\r\n<p>- Cao g&oacute;t : 7 cm</p>\r\n<p>- Loại g&oacute;t : G&oacute;t trụ, c&oacute; phối</p>', 1, 'product_1497588501_THVU7353 copy.jpg', 3, 0, 1, 0),
(24, 'Sandal SDK2001', 'SDK2001', 415000, '<p>- Chất liệu : Da tổng hợp</p>\r\n<p>- Cao g&oacute;t : 7 cm</p>\r\n<p>- Loại g&oacute;t : g&oacute;t trụ</p>', 1, 'product_1497588470_THVU7494.jpg', 3, 0, 1, 0),
(25, 'Sandal SDT1001', 'SDT1001', 535000, '<p>- Chất liệu : Da b&ograve;</p>\r\n<p>- Cao g&oacute;t : 7 cm</p>\r\n<p>- Loại g&oacute;t : G&oacute;t trụ</p>', 1, 'product_1497588438_THVU7558.jpg', 3, 0, 1, 0),
(26, 'Giày Cao Gót BHN72005', 'BHN72005', 395000, '<p>- Chất liệu : Da tổng hợp</p>\r\n<p>- Cao g&oacute;t : 7 cm</p>\r\n<p>- Loại g&oacute;t : G&oacute;t nhọn, hở mũi.&nbsp;</p>', 1, 'product_1497588343_BHN72005NU-395.jpg', 1, 0, 1, 0),
(27, 'Giày Cao Gót BNN52006', 'BNN52006', 405000, '<p>- Chất liệu : Da tổng hợp</p>\r\n<p>- Cao g&oacute;t : 5 cm</p>\r\n<p>- Loại g&oacute;t : G&oacute;t nhọn</p>', 1, 'product_1497600161_THVU6711.jpg', 1, 0, 1, 0),
(29, 'Sandal SDN2008', 'SDN2008', 395000, '<p>- Chất liệu : Da tổng hợp</p>\r\n<p>- Cao g&oacute;t : 3 cm</p>\r\n<p>- Loại g&oacute;t : G&oacute;t vu&ocirc;ng</p>', 1, 'product_1497588146_THVU7524.jpg', 3, 0, 1, 0),
(30, 'Sandal SDT2010', 'SDT2010', 395000, '<p>- Chất liệu : Da tổng hợp</p>\r\n<p>- Cao g&oacute;t : 7 cm</p>\r\n<p>- Loại g&oacute;t : G&oacute;t trụ</p>', 1, 'product_1497588773_THVU7472.jpg', 3, 0, 1, 0),
(31, 'Sandal SDT2011', 'SDT2011', 405000, '<p>- Chất liệu : Da tổng hợp</p>\r\n<p>- Cao g&oacute;t : 7 cm</p>\r\n<p>- Loại g&oacute;t : G&oacute;t trụ, c&oacute; phối</p>', 1, 'product_1498797213_465A7569.jpg', 3, 0, 1, 0),
(32, 'Sandal SDT1012', 'SDT1012', 390000, '<p>- Chất liệu : Da tổng hợp</p>\r\n<p>- Cao g&oacute;t : 7 cm</p>\r\n<p>- Loại g&oacute;t : G&oacute;t trụ</p>', 1, 'product_1498797268_SDT1012NU-390.jpg', 3, 0, 1, 0),
(33, 'Sandal SDT1013', 'SDT1013', 390000, '<p>- Chất liệu : Da tổng hợp</p>\r\n<p>- Cao g&oacute;t : 3 cm</p>\r\n<p>- Loại g&oacute;t : G&oacute;t vu&ocirc;ng</p>', 1, 'product_1498797426_IMG_8695.jpg', 3, 0, 1, 0),
(35, 'Dép GK1014', 'GK1014', 390000, '<p>- Chất liệu : Da tổng hợp</p>\r\n<p>- Cao g&oacute;t : 4 cm</p>\r\n<p>- Loại g&oacute;t : G&oacute;t vu&ocirc;ng</p>', 1, 'product_1498797402_IMG_8670.jpg', 6, 0, 1, 0),
(36, 'Giày Cao Gót BNV51015', 'BNV51015', 410000, '<p>- Chất liệu : Da tổng hợp c&oacute; g&acirc;n</p>\r\n<p>- Cao g&oacute;t : 5 cm</p>\r\n<p>- Loại g&oacute;t : G&oacute;t vu&ocirc;ng</p>', 1, 'product_1497589512_BNV51015SI-410.jpg', 1, 0, 1, 0),
(37, 'Sneaker SNH1016', 'SNH1016', 450000, '<p>- Chất liệu : Da th&ecirc;u</p>\r\n<p>- Loại g&oacute;t : Đế bệt</p>', 1, 'product_1498797483_465A7267.jpg', 5, 0, 1, 0),
(38, 'Sneaker SNR1017', 'SNR1017', 395000, '<p>- Chất liệu :&nbsp;Vải ren</p>\r\n<p>- Loại g&oacute;t : Đế bệt</p>', 1, 'product_1498797527_465A7265.jpg', 5, 0, 1, 0),
(39, 'Sandal SDT1018', 'SDT1018', 445000, '<p>- Chất liệu : Da tổng hợp</p>\r\n<p>- Cao g&oacute;t : 7 cm</p>\r\n<p>- Loại g&oacute;t : G&oacute;t nhọn</p>', 1, 'product_1498797584_465A7516.jpg', 3, 0, 1, 0),
(40, 'Giày Đế Xuồng XT1019', 'XT1019', 415000, '<p>- Chất liệu : Da tổng hợp</p>\r\n<p>- Cao g&oacute;t : 7 cm</p>\r\n<p>- Loại g&oacute;t : Đế xuồng</p>', 1, 'product_1498797633_465A7419.jpg', 4, 0, 1, 0),
(41, 'Sandal SDH1020', 'SDH1020', 435000, '<p>- Chất liệu : Da tổng hợp , th&ecirc;u</p>\r\n<p>- Cao g&oacute;t : 5 cm</p>\r\n<p>- Loại g&oacute;t : G&oacute;t vu&ocirc;ng th&ecirc;u</p>', 1, 'product_1498797825_465A7506.jpg', 3, 0, 1, 0),
(42, 'Sandal SDT1021', 'SDT1021', 445000, '<p>- Chất liệu : Da tổng hợp</p>\r\n<p>- Cao g&oacute;t : 7 cm</p>\r\n<p>- Loại g&oacute;t : G&oacute;t trụ</p>', 1, 'product_1497590089_SDT1021NU-445.jpg', 3, 0, 1, 0),
(43, 'Giày Đế Xuồng XT1022', 'XT1022', 405000, '<p>- Chất liệu : Da tổng hợp</p>\r\n<p>- Cao g&oacute;t : 7 cm</p>\r\n<p>- Loại g&oacute;t : Đế xuồng</p>', 1, 'product_1498797993_465A7509.jpg', 4, 0, 1, 0),
(45, 'Sandals SDX1168', 'SDX1168', 415000, '<p>- Chất liệu : Da tổng hợp</p>\r\n<p>- Cao g&oacute;t : 5cm</p>\r\n<p>- Loại g&oacute;t : G&oacute;t vu&ocirc;ng trong</p>\r\n<p>- M&agrave;u sắc : Đen,&nbsp;Kem, Bạc</p>\r\n<p>&nbsp;</p>\r\n<p>&nbsp;</p>', 1, 'product_1498678905_465A7611.jpg', 3, 0, 1, 0),
(46, 'Sandal SDT1167', 'SDT1167', 340000, '<p>- Chất liệu : Da tổng hợp</p>\r\n<p>- Loại g&oacute;t : Đế bệt</p>\r\n<p>- M&agrave;u sắc : Đen, V&agrave;ng Đồng, Bạc</p>\r\n<p>- Size : 35 &ndash; 39</p>', 1, 'product_1498678788_465A7624.jpg', 3, 0, 1, 0),
(47, 'Sandal SDT1166', 'SDT1166', 345000, '<p>- Chất liệu : Da tổng hợp</p>\r\n<p>- Loại g&oacute;t : Đế bệt</p>\r\n<p>- M&agrave;u sắc : Đen,&nbsp;Bạc</p>', 1, 'product_1498678504_465A7555.jpg', 3, 0, 1, 0),
(48, 'Dép Nữ GH1065', 'GH1065', 199000, '', 1, 'product_1504065994_IMG_9615.jpg', 6, 240000, 0, 1),
(49, 'Búp Bê BBK2164', 'BBK2164', 395000, '<p>- Chất liệu : Da tổng hợp</p>\r\n<p>- Loại g&oacute;t : Đế bệt</p>\r\n<p>- M&agrave;u sắc : Đen, Kem, Cafe, Đỏ, X&aacute;m</p>\r\n<p>&nbsp;</p>', 1, 'product_1498678210_465A7345.jpg', 2, 0, 1, 0),
(50, 'Giày Cao Gót BNT91023', 'BNT91023', 395000, '<p>- Chất liệu : Da tổng hợp</p>\r\n<p>- Cao g&oacute;t : 9 cm</p>\r\n<p>- Loại g&oacute;t : G&oacute;t nhọn</p>', 1, 'product_1497695265_BNT91023BR.jpg', 1, 0, 1, 0),
(51, 'Sandal SDX1024', 'SDX1024', 415000, '<p>- Chất liệu : Da tổng hợp, c&oacute; phối</p>\r\n<p>- Cao g&oacute;t : 7 cm</p>\r\n<p>- Loại g&oacute;t : G&oacute;t trụ</p>', 1, 'product_1497591218_SDX1024BA-415.jpg', 3, 0, 1, 0),
(52, 'Sandal SDX1025', 'SDX1025', 415000, '<p>- Chất liệu : Da tổng hợp, c&oacute; phối kiểu&nbsp;</p>\r\n<p>- Cao g&oacute;t : 7 cm</p>\r\n<p>- Loại g&oacute;t : G&oacute;t trụ</p>', 1, 'product_1497591367_THVU7488.jpg', 3, 0, 1, 0),
(53, 'Giày Cao Gót BNT31026', 'BNT31026', 420000, '<p>- Chất liệu : Da tổng hợp, mũi phối kim loại</p>\r\n<p>- Cao g&oacute;t : 5 cm</p>\r\n<p>- Loại g&oacute;t : G&oacute;t nhọn</p>\r\n<p>- M&agrave;u sắc : Đen mờ, Đen B&oacute;ng, Kem, Cafe, X&aacute;m</p>', 1, 'product_1498798114_465A7315.jpg', 1, 0, 1, 0),
(54, 'Sandal SDT3027', 'SDT3027', 350000, '<p>- Chất liệu : Da tổng hợp</p>\r\n<p>- Cao g&oacute;t : 5 cm</p>\r\n<p>- Loại g&oacute;t : G&oacute;t vu&ocirc;ng</p>', 1, 'product_1498977607_465A7488.jpg', 3, 0, 1, 0),
(56, 'Giày Cao Gót BNN71028', 'BNN71028', 435000, '<p>- Chất liệu : Da tổng hợp</p>\r\n<p>- Cao g&oacute;t : 7 cm</p>\r\n<p>- Loại g&oacute;t : G&oacute;t nhọn</p>', 1, 'product_1497592286_BNN71028GR.jpg', 1, 0, 1, 0),
(57, 'Giày Cao Gót BNP71029', 'BNP71029', 415000, '<p>- Chất liệu : Da tổng hợp, phối mũi.&nbsp;</p>\r\n<p>- Cao g&oacute;t : 7 cm</p>\r\n<p>- Loại g&oacute;t : G&oacute;t nhọn</p>', 1, 'product_1498798585_465A7274.jpg', 1, 0, 1, 0),
(58, 'Búp Bê BBN1030', 'BBN1030', 385000, '<p>- Chất liệu : Da tổng hợp</p>\r\n<p>- Loại g&oacute;t : Đế bệt</p>', 1, 'product_1498798638_465A7426.jpg', 2, 0, 1, 0),
(59, 'Giày Cao Gót BNK2034', 'BNK2034', 435000, '<p>- Chất liệu : Da tổng hợp</p>\r\n<p>- Cao g&oacute;t : 5 cm</p>\r\n<p>- Loại g&oacute;t : G&oacute;t vu&ocirc;ng</p>', 1, 'product_1498798719_465A7431.jpg', 1, 0, 1, 0),
(60, 'Giày Cao Gót BNK2035', 'BNK2035', 455000, '<p>- Chất liệu : Da tổng hợp</p>\r\n<p>- Cao g&oacute;t : 5 cm</p>\r\n<p>- Loại g&oacute;t : G&oacute;t vu&ocirc;ng</p>\r\n<p>- &nbsp;M&agrave;u sắc : Đen, Kem, Đỏ, Cafe, X&aacute;m</p>', 1, 'product_1498798827_465A7449.jpg', 1, 0, 1, 0),
(61, 'Sandal SDT2036', 'SDT2036', 395000, '<p>- Chất liệu : Da tổng hợp</p>\r\n<p>- Cao g&oacute;t : 5 cm</p>\r\n<p>- Loại g&oacute;t : G&oacute;t vu&ocirc;ng</p>', 1, 'product_1498798883_465A7544.jpg', 3, 0, 1, 0),
(62, 'Búp Bê BBK2037', 'BBK2037', 405000, '<p>- Chất liệu : Da tổng hợp</p>\r\n<p>- Loại g&oacute;t : Đế bệt</p>', 1, 'product_1498798946_465A7306.jpg', 2, 0, 1, 0),
(63, 'Sandal SDT1038', 'SDT1038', 385000, '<p>- Chất liệu : Da tổng hợp</p>\r\n<p>- Cao g&oacute;t : 5 cm</p>\r\n<p>- Loại g&oacute;t : G&oacute;t vu&ocirc;ng</p>', 1, 'product_1497596294_THVU7495.jpg', 3, 0, 1, 0),
(64, 'Sandal SDT1039', 'SDT1039', 385000, '<p>- Chất liệu : Da tổng hợp</p>\r\n<p>- Cao g&oacute;t : 7 cm</p>\r\n<p>- Loại g&oacute;t : G&oacute;t trụ</p>', 1, 'product_1497596557_SDT1039BR-385.jpg', 3, 0, 1, 0),
(66, 'Giày Cao Gót BNN31041', 'BNN31041', 395000, '<p>- Chất liệu : Da tổng hợp</p>\r\n<p>- Cao g&oacute;t : 3 cm</p>\r\n<p>- Loại g&oacute;t : G&oacute;t nhọn</p>', 1, 'product_1498799120_BNN31041PI.jpg', 1, 0, 1, 0),
(68, 'Sandal SDBM1043', 'SDBM1043', 385000, '<p>- Chất liệu : Da tổng hợp</p>\r\n<p>- Loại g&oacute;t : Đế bệt</p>', 1, 'product_1497601098_THVU7532.jpg', 3, 0, 1, 0),
(69, 'Sandal SDL1044', 'SDL1044', 390000, '<p>- Chất liệu : Da&nbsp;nỉ&nbsp;</p>\r\n<p>- Cao g&oacute;t : 7 cm</p>\r\n<p>- Loại g&oacute;t : G&oacute;t trụ</p>', 1, 'product_1497697301_SDL1044NU-390.jpg', 3, 0, 1, 0),
(70, 'Sandal SDX1045', 'SDX1045', 575000, '<p>- Chất liệu : Da&nbsp;b&ograve; tự nhi&ecirc;n</p>\r\n<p>- Cao g&oacute;t : 5 cm</p>\r\n<p>- Loại g&oacute;t : Đế xuồng</p>', 1, 'product_1497601257_THVU7503.jpg', 3, 0, 1, 0),
(71, 'Sandal SDT1046', 'SDT1046', 385000, '<p>- Chất liệu : Da&nbsp;nỉ</p>\r\n<p>- Cao g&oacute;t : 5 cm</p>\r\n<p>- Loại g&oacute;t : g&oacute;t vu&ocirc;ng</p>', 1, 'product_1498799207_THVU7506.jpg', 3, 0, 1, 0),
(72, 'Sandal SDD1047', 'SDD1047', 350000, '<p>- Chất liệu : Da tổng hợp c&oacute; phối quai</p>\r\n<p>- Loại g&oacute;t : Đế bệt</p>', 1, 'product_1498799289_465A7563.jpg', 3, 0, 1, 0),
(73, 'Sandal SDD1048', 'SDD1048', 265000, '<p>- Chất liệu : Da tổng hợp<br />- Loại g&oacute;t : Đế bệt<br />- M&agrave;u sắc : Đen, N&acirc;u, Xanh l&aacute; c&acirc;y<br />- Size : 35 - 38</p>', 1, 'product_1498799334_465A7577.jpg', 3, 0, 1, 0),
(74, 'Sandal SDD1049', 'SDD1049', 295000, '<p>- Chất liệu : Da tổng hợp</p>\r\n<p>- Loại g&oacute;t : Đế bệt</p>', 1, 'product_1498799445_465A7628.jpg', 3, 0, 1, 0),
(75, 'Dép GK1050', 'GK1050', 295000, '<p>- Chất liệu : Da tổng hợp</p>\r\n<p>- Loại g&oacute;t : Đế bệt</p>', 1, 'product_1498799505_465A7416.jpg', 6, 0, 1, 0),
(76, 'Dép Nữ GD1051', 'GD1051', 315000, '<p>- Chất liệu : Da tổng hợp</p>\r\n<p>- Loại g&oacute;t : Đế bệt</p>', 1, 'product_1498799722_465A7428.jpg', 6, 0, 1, 0),
(77, 'Dép GK1052', 'GK1052', 315000, '<p>- Chất liệu : Da tổng hợp</p>\r\n<p>- Loại g&oacute;t : Đế bệt</p>', 1, 'product_1504065902_IMG_9611.jpg', 6, 0, 1, 0),
(78, 'Sandal SDT1053', 'SDT1053', 385000, '<p>- Chất liệu : Da tổng hợp</p>\r\n<p>- Cao g&oacute;t : 7 cm</p>\r\n<p>- Loại g&oacute;t : G&oacute;t nhọn</p>', 1, 'product_1497601698_THVU7479.jpg', 3, 0, 1, 0),
(79, 'Dép GH1054', 'GH1054', 240000, '<p>- Chất liệu : Da tổng hợp</p>\r\n<p>- Loại g&oacute;t : Đế bệt</p>', 0, '', 6, 0, 1, 0),
(80, 'Dép GK1055', 'GK1055', 290000, '<p>- Chất liệu : Da tổng hợp</p>\r\n<p>- Loại g&oacute;t : Đế bệt</p>', 1, 'product_1498799832_465A7468.jpg', 6, 0, 1, 0),
(81, 'Dép GK1056', 'GK1056', 0, '<p>- Chất liệu : Da tổng hợp</p>\r\n<p>- Loại g&oacute;t : Đế bệt</p>', 1, 'product_1504065961_IMG_9619.jpg', 6, 240000, 1, 0),
(82, 'Sandal SDX1057', 'SDX1057', 405000, '<p>- Chất liệu : Da tổng hợp</p>\r\n<p>- Cao g&oacute;t : 7 cm</p>\r\n<p>- Loại g&oacute;t : G&oacute;t trụ</p>', 1, 'product_1497601896_THVU7354 copy.jpg', 3, 0, 1, 0),
(83, 'Sandal SDKT1058', 'SDKT1058', 400000, '<p>- Chất liệu : Da tổng hợp</p>\r\n<p>- Cao g&oacute;t : 7 cm</p>\r\n<p>- Loại g&oacute;t : G&oacute;t trụ</p>', 1, 'product_1497601952_THVU7346 copy.jpg', 3, 0, 1, 0),
(84, 'Dép Nữ GT1059', 'GT1059', 365000, '<p>- Chất liệu : Da tổng hợp</p>\r\n<p>- Cao g&oacute;t : 3 cm</p>\r\n<p>- Loại g&oacute;t : G&oacute;t vu&ocirc;ng</p>', 1, 'product_1498799945_465A7454.jpg', 6, 0, 1, 0),
(85, 'Giày Cao Gót BVT1060', 'BVT1060', 405000, '<p>- Chất liệu : Da tổng hợp</p>\r\n<p>- Cao g&oacute;t : 7 cm</p>\r\n<p>- Loại g&oacute;t : G&oacute;t trụ</p>', 1, 'product_1498799991_BVT1060GR-405.jpg', 1, 0, 1, 0),
(86, 'Giày Cao Gót BNN71063', 'BNN71063', 400000, '<p>- Chất liệu : Da nỉ</p>\r\n<p>- Cao g&oacute;t : 7 cm</p>\r\n<p>- Loại g&oacute;t : G&oacute;t nhọn</p>', 1, 'product_1497602259_BNN71063BL.jpg', 1, 0, 1, 0),
(87, 'Búp Bê BBN1064', 'BBN1064', 385000, '<p>- Chất liệu : Da tổng hợp&nbsp;</p>\r\n<p>- Loại g&oacute;t : Đế bệt</p>', 1, 'product_1497602358_BBN1064GR.jpg', 2, 0, 1, 0),
(88, 'Sandals SDC1066', 'SDC1066', 375000, '<p>- Chất liệu : Da tổng hợp</p>\r\n<p>- Cao g&oacute;t : 7 cm</p>\r\n<p>- Loại g&oacute;t : g&oacute;t trụ</p>', 1, 'product_1497602495_SDC1066BA-385.jpg', 3, 0, 1, 0),
(89, 'Giày Cao Gót BNN71070', ' BNN71070', 395000, '<p>- Chất liệu : Da tổng hợp</p>\r\n<p>- Cao g&oacute;t : 7 cm</p>\r\n<p>- Loại g&oacute;t : G&oacute;t nhọn</p>', 1, 'product_1497602976_THVU6679.jpg', 1, 0, 1, 0),
(90, 'Dép DH1071', 'DH1071', 395000, '<p>- Chất liệu : Da tổng hợp</p>\r\n<p>- Cao g&oacute;t : 5 cm</p>\r\n<p>- Loại g&oacute;t : G&oacute;t vu&ocirc;ng</p>', 1, 'product_1498800314_465A7435.jpg', 6, 0, 1, 0),
(91, 'Búp Bê BBN1072', 'BBN1072', 390000, '<p>- Chất liệu : Da tổng hợp</p>\r\n<p>- Loại g&oacute;t : Đế bệt</p>', 1, 'product_1498800336_465A7347.jpg', 2, 0, 1, 0),
(92, 'Búp Bê BBX1073', 'BBX1073', 475000, '<p>- Chất liệu : Lụa cao cấp c&oacute; phối đ&aacute;&nbsp;</p>\r\n<p>- Loại g&oacute;t : Đế bệt</p>', 1, 'product_1498800390_465A7397.jpg', 2, 0, 1, 0),
(93, 'Giày Cao Gót BNN31074', 'BNN31074', 475000, '<p>- Chất liệu : Da&nbsp;nỉ</p>\r\n<p>- Cao g&oacute;t : 3 cm</p>\r\n<p>- Loại g&oacute;t : G&oacute;t nhọn</p>', 1, 'product_1497603248_THVU6733.jpg', 1, 0, 1, 0),
(94, 'Giày Bít BNK30175', 'BNK30175', 415000, '', 0, '', 1, 0, 1, 0),
(95, 'Giày Cao Gót BNX71076', 'BNX71076', 485000, '<p>- Chất liệu : Lụa cao cấp c&oacute; phối đ&aacute;</p>\r\n<p>- Cao g&oacute;t : 7 cm</p>\r\n<p>- Loại g&oacute;t : G&oacute;t nhọn</p>', 1, 'product_1498800594_BBX1076GE-485.jpg', 1, 0, 1, 0),
(96, 'Giày Cao Gót BNK31077', 'BNK31077', 415000, '<p>- Chất liệu : Da tổng hợp</p>\r\n<p>- Cao g&oacute;t : 3 cm</p>\r\n<p>- Loại g&oacute;t : G&oacute;t nhọn</p>', 1, 'product_1498800649_465A7310.jpg', 1, 0, 1, 0),
(97, 'Giày Cao Gót BNN71078', 'BNN71078', 425000, '<p>- Chất liệu : Da tổng hợp c&oacute; phối kh&oacute;a</p>\r\n<p>- Cao g&oacute;t : 7 cm</p>\r\n<p>- Loại g&oacute;t : G&oacute;t nhọn</p>', 1, 'product_1497603590_BNN71078RE.jpg', 1, 0, 1, 0),
(98, 'Sandal SDD1078', 'SDD1078', 415000, '<p>- Chất liệu : Da nỉ</p>\r\n<p>- Cao g&oacute;t : 5 cm</p>\r\n<p>- Loại g&oacute;t : G&oacute;t&nbsp;vu&ocirc;ng</p>', 1, 'product_1498800698_465A7542.jpg', 3, 0, 1, 0),
(99, 'Giày Cao Gót BNT51080', 'BNT51080', 395000, '<p>- Chất liệu : Da tổng hợp</p>\r\n<p>- Cao g&oacute;t : 5 cm</p>\r\n<p>- Loại g&oacute;t : G&oacute;t vu&ocirc;ng</p>', 1, 'product_1498800820_THVU6763.jpg', 1, 0, 1, 0),
(100, 'Giày Cao Gót BNT31081', 'BNT31081', 395000, '<p>- Chất liệu : Da tổng hợp</p>\r\n<p>- Cao g&oacute;t : 3 cm</p>\r\n<p>- Loại g&oacute;t : G&oacute;t vu&ocirc;ng</p>', 1, 'product_1497604076_BNT31081NU-395.jpg', 1, 0, 1, 0),
(101, 'Giày Cao Gót BNT1082', 'BNT1082', 395000, '<p>- Chất liệu : Da tổng hợp</p>\r\n<p>- Cao g&oacute;t : 5&nbsp;cm</p>\r\n<p>- Loại g&oacute;t : g&oacute;t nhọn</p>', 1, 'product_1498800966_465A7352.jpg', 1, 0, 1, 0),
(102, 'Giày Cao Gót BNT71084', 'BNT71084', 395000, '<p>- Chất liệu : Da tổng hợp</p>\r\n<p>- Cao g&oacute;t : 7 cm</p>\r\n<p>- Loại g&oacute;t : G&oacute;t nhọn</p>', 1, 'product_1498801118_THVU6697.jpg', 1, 0, 1, 0),
(103, 'Giày Cao Gót BNT31083', 'BNT31083', 395000, '<p>- Chất liệu : Da tổng hợp</p>\r\n<p>- Cao g&oacute;t : 3 cm</p>\r\n<p>- Loại g&oacute;t : G&oacute;t vu&ocirc;ng</p>', 1, 'product_1498801043_465A7351.jpg', 1, 0, 1, 0),
(104, 'Sandal SDD1085', 'SDD1085', 485000, '<p>- Chất liệu : Da tổng hợp</p>\r\n<p>- Cao g&oacute;t : 7 cm</p>\r\n<p>- Loại g&oacute;t : G&oacute;t trụ c&oacute; phối m&agrave;u</p>', 1, 'product_1498801170_THVU7509.jpg', 3, 0, 1, 0),
(105, 'Sandal SDX1086', 'SDX1086', 445000, '<p>- Chất liệu : Da nỉ</p>\r\n<p>- Cao g&oacute;t : 3 cm</p>\r\n<p>- Loại g&oacute;t : Đế bệt c&oacute; phối kiểu</p>', 1, 'product_1497604740_THVU7540.jpg', 3, 0, 1, 0),
(106, 'Giày Cao Gót BNN1087', 'BNN1087', 395000, '<p>- Chất liệu : Da tổng hợp</p>\r\n<p>- Cao g&oacute;t : 7 cm</p>\r\n<p>- Loại g&oacute;t : G&oacute;t nhọn</p>', 1, 'product_1498801240_THVU6726.jpg', 1, 0, 1, 0),
(107, 'Sandal SDD1088', 'SDD1088', 445000, '<p>- Chất liệu : Da tổng hợp</p>\r\n<p>- Cao g&oacute;t : 7 cm</p>\r\n<p>- Loại g&oacute;t : G&oacute;t nhọn</p>', 1, 'product_1497760531_SDD1088BA-445.jpg', 3, 0, 1, 0),
(108, 'Sandal SDD1089', 'SDD1089', 335000, '<p>- Chất liệu : Da tổng hợp</p>\r\n<p>- Cao g&oacute;t : 7 cm</p>\r\n<p>- Loại g&oacute;t : G&oacute;t trụ</p>', 1, 'product_1498801304_465A7609.jpg', 3, 0, 1, 0),
(109, 'Giày Cao Gót BNB1090', 'BNB1090', 395000, '<p>- Chất liệu : Da tổng hợp</p>\r\n<p>- Cao g&oacute;t : 5 cm</p>\r\n<p>- Loại g&oacute;t : G&oacute;t vu&ocirc;ng</p>', 1, 'product_1497604931_BNB1090WH-395.jpg', 1, 0, 1, 0),
(110, 'Sandal SDD1091', 'SDD1091', 415000, '<p>- Chất liệu : Da tổng hợp</p>\r\n<p>- Cao g&oacute;t : 7 cm</p>\r\n<p>- Loại g&oacute;t : G&oacute;t nhọn</p>', 1, 'product_1498801388_465A7593.jpg', 3, 0, 1, 0),
(111, 'Sandal SDKT1092', 'SDKT1092', 440000, '<p>- Chất liệu : Da tổng hợp phối kim tuyến</p>\r\n<p>- Cao g&oacute;t : 7 cm</p>\r\n<p>- Loại g&oacute;t : G&oacute;t trụ</p>', 1, 'product_1498801431_465A7631.jpg', 3, 0, 1, 0),
(112, 'Giày Đế Xuồng XT1093', 'XT1093', 385000, '<p>- Chất liệu : Da tổng hợp , quai phối m&agrave;u</p>\r\n<p>- Cao g&oacute;t : 7 cm</p>\r\n<p>- Loại g&oacute;t : Đế xuồng</p>', 1, 'product_1497605154_THVU7515.jpg', 4, 0, 1, 0),
(113, 'Sandal SDT1094', 'SDT1094', 410000, '<p>- Chất liệu : Da tổng hợp</p>\r\n<p>- Cao g&oacute;t : 7 cm</p>\r\n<p>- Loại g&oacute;t : G&oacute;t nhọn</p>', 1, 'product_1497605270_SDT1094RE-410.jpg', 3, 0, 1, 0),
(114, 'Dép G1095', 'G1095', 350000, '<p>- Chất liệu : Da tổng hợp, quai phối hoa</p>\r\n<p>- Loại g&oacute;t : Đế bệt</p>', 1, 'product_1498801552_465A7411.jpg', 6, 0, 1, 0),
(115, 'Dép GH1096', 'GH1096', 310000, '<p>- Chất liệu : Da tổng hợp</p>\r\n<p>- Loại g&oacute;t : Đế bệt</p>', 1, 'product_1498801611_465A7409.jpg', 6, 0, 1, 0),
(117, 'Sneaker SNH1101', 'SNH1101', 410000, '<p>- Chất liệu : Da bắn laser</p>\r\n<p>- Loại g&oacute;t : Đế bệt</p>', 1, 'product_1498801875_465A7257.jpg', 5, 0, 1, 0),
(118, 'Giày Cao Gót BNT71097', 'BNT71097', 420000, '<p>- Chất liệu : Da tổng hợp</p>\r\n<p>- Cao g&oacute;t : 7 cm</p>\r\n<p>- Loại g&oacute;t : G&oacute;t nhọn</p>', 1, 'product_1498801684_465A7398.jpg', 1, 0, 1, 0),
(119, 'Giày Cao Gót BNTDD71098', 'BNTDD71098', 420000, '<p>- Chất liệu : Da tổng hợp</p>\r\n<p>- Cao g&oacute;t : 7 cm</p>\r\n<p>- Loại g&oacute;t : G&oacute;t nhọn</p>', 1, 'product_1497605660_BNTDD71098PI.jpg', 1, 0, 1, 0),
(120, 'Giày Cao Gót BNL71099', 'BNL71099', 420000, '<p>- Chất liệu : Da tổng hợp</p>\r\n<p>- Cao g&oacute;t : 7 cm</p>\r\n<p>- Loại g&oacute;t : G&oacute;t nhọn</p>', 1, 'product_1498801826_465A7406.jpg', 1, 0, 1, 0),
(122, 'Giày Cao Gót BNL71103', 'BNL71103', 410000, '<p>- Chất liệu : Da tổng hợp bắn laser</p>\r\n<p>- Cao g&oacute;t : 5 cm</p>\r\n<p>- Loại g&oacute;t : G&oacute;t trụ</p>', 1, 'product_1497706467_THVU6780.jpg', 1, 0, 1, 0),
(123, 'Búp Bê BBN1104', 'BBN1104', 395000, '<p>- Chất liệu : Da tổng hợp</p>\r\n<p>- Loại g&oacute;t : Đế bệt</p>', 1, 'product_1497606123_THVU6879.jpg', 2, 0, 1, 0),
(124, 'Búp Bê BBN1105', 'BBN1105', 395000, '<p>- Chất liệu : Da tổng hợp</p>\r\n<p>- Loại g&oacute;t : Đế bệt</p>', 1, 'product_1497606231_BBN1105NU.jpg', 2, 0, 1, 0),
(125, 'Búp Bê BBN1107', 'BBN1107', 395000, '<p>- Chất liệu : Da tổng hợp</p>\r\n<p>- Loại g&oacute;t : Đế bệt</p>\r\n<p>- M&agrave;u sắc : Đen, Kem, Cafe, X&aacute;m</p>\r\n<p>- Size : 35 - 38</p>', 1, 'product_1497707307_THVU6881.jpg', 2, 0, 1, 0),
(126, 'Sandal SDL1108', 'SDL1108', 405000, '<p>- Chất liệu : Da tổng hợp c&oacute; bắn laser</p>\r\n<p>- Cao g&oacute;t : 7 cm</p>\r\n<p>- Loại g&oacute;t : G&oacute;t trụ</p>', 1, 'product_1498402241_SDL1108BR-405.jpg', 3, 0, 1, 0),
(127, 'Giày Cao Gót BNN1109', 'BNN1109', 400000, '<p>- Chất liệu : Da tổng hợp</p>\r\n<p>- Cao g&oacute;t : 7 cm</p>\r\n<p>- Loại g&oacute;t : G&oacute;t nhọn</p>', 1, 'product_1497707622_THVU6688.jpg', 1, 0, 1, 0),
(128, 'Giày Cao Gót BNN71113', 'BNN71113', 420000, '<p>- Chất liệu : Da tổng hợp</p>\r\n<p>- Cao g&oacute;t : 7 cm</p>\r\n<p>- Loại g&oacute;t : G&oacute;t nhọn</p>', 1, 'product_1498404038_465A7360.jpg', 1, 0, 1, 0),
(129, 'Giày Cao Gót BNT71114', 'BNT71114', 405000, '<p>- Chất liệu : Da nỉ</p>\r\n<p>- Cao g&oacute;t : 7 cm</p>\r\n<p>- Loại g&oacute;t : G&oacute;t nhọn</p>', 1, 'product_1498802109_THVU7338 copy (1).jpg', 1, 0, 1, 0),
(131, 'Sandal SDX1116', 'SDX1116', 475000, '<p>- Chất liệu : Da tổng hợp</p>\r\n<p>- Cao g&oacute;t : 7 cm</p>\r\n<p>- Loại g&oacute;t : Đế trụ c&oacute; phối đ&aacute;</p>', 1, 'product_1498406745_465A7484.jpg', 3, 0, 1, 0),
(132, 'Sandal SDX1117', 'SDX1117', 450000, '<p>- Chất liệu : Da tổng hợp</p>\r\n<p>- Cao g&oacute;t : 5 cm</p>\r\n<p>- Loại g&oacute;t : G&oacute;t vu&ocirc;ng đ&iacute;nh xo&agrave;n</p>', 1, 'product_1498407275_465A7531.jpg', 3, 0, 1, 0),
(133, 'Sandal SDX1118', 'SDX1118', 395000, '<p>- Chất liệu : Da nỉ</p>\r\n<p>- Cao g&oacute;t : 7 cm</p>\r\n<p>- Loại g&oacute;t : G&oacute;t&nbsp;trụ</p>', 1, 'product_1498407503_bl.jpg', 3, 0, 1, 0),
(136, 'Sandal SDX2119', 'SDX2119', 450000, '<p>- Chất liệu : Da tổng hợp<br />- Cao g&oacute;t : 5 cm<br />- Loại g&oacute;t : G&oacute;t vu&ocirc;ng đ&iacute;nh xo&agrave;n<br /><br /></p>', 1, 'product_1498407801_465A7529.jpg', 3, 0, 1, 0),
(137, 'Sandal SDX2120', 'SDX2120', 450000, '<p>- Chất liệu : Da tổng hợp</p>\r\n<p>- Cao g&oacute;t : 5 cm</p>\r\n<p>- Loại g&oacute;t : G&oacute;t vu&ocirc;ng xo&agrave;n</p>', 1, 'product_1498408013_465A7523.jpg', 3, 0, 1, 0),
(138, 'Sandal SDX2121', 'SDX2121', 470000, '<p>- Chất liệu : Da tổng hợp</p>\r\n<p>- Cao g&oacute;t : 5 cm</p>\r\n<p>- Loại g&oacute;t : G&oacute;t vu&ocirc;ng xo&agrave;n</p>', 1, 'product_1498408863_465A7487.jpg', 3, 0, 1, 0),
(139, 'Búp Bê BBN2122', 'BBN2122', 385000, '<p>- Chất liệu : Da tổng hợp ( da g&acirc;n )</p>\r\n<p>- Loại g&oacute;t : Đế bệt</p>', 1, 'product_1498408442_465A7451.jpg', 2, 0, 1, 0),
(140, 'Sandal SDH2123', 'SDH2123', 425000, '<p>- Chất liệu : Lụa cao cấp in hoa</p>\r\n<p>- Cao g&oacute;t : 7 cm</p>\r\n<p>- Loại g&oacute;t : G&oacute;t nhọn</p>', 1, 'product_1498409917_465A7536.jpg', 3, 0, 1, 0),
(141, 'Giày Cao Gót BNN72124', 'BNN72124', 415000, '<p>- Chất liệu : Da tổng hợp</p>\r\n<p>- Cao g&oacute;t : 7 cm</p>\r\n<p>- Loại g&oacute;t : G&oacute;t nhọn</p>\r\n<p>- M&agrave;u sắc : Đen, Kem, X&aacute;m</p>', 1, 'product_1498802222_465A7340.jpg', 1, 0, 0, 0),
(142, 'Giày Cao Gót BNX72125', 'BNX72125', 520000, '<p>- Chất liệu : Lụa cao cấp</p>\r\n<p>- Cao g&oacute;t : 7 cm</p>\r\n<p>- Loại g&oacute;t : G&oacute;t nhọn</p>\r\n<p>- M&agrave;u sắc : Đen, Xanh Navy, Đỏ, X&aacute;m</p>', 1, 'product_1498487174_465A7337.jpg', 1, 0, 1, 0),
(143, 'Búp Bê BBN2126', 'BBN2126', 395000, '<p>- Chất liệu : Da tổng hợp</p>\r\n<p>- Loại g&oacute;t : Đế bệt</p>', 1, 'product_1504065089_IMG_9540.jpg', 2, 0, 1, 0),
(144, 'Giày Cao Gót BNN72127', 'BNN72127', 420000, '<p>- Chất liệu : Da tổng hợp</p>\r\n<p>- Cao g&oacute;t : 7 cm</p>\r\n<p>- Loại g&oacute;t : G&oacute;t nhọn</p>', 1, 'product_1498487781_465A7325.jpg', 1, 0, 1, 0),
(145, 'Sandal SDT2128', 'SDT2128', 405000, '<p>- Chất liệu : Da tổng hợp<br />- Cao g&oacute;t : 7 cm<br />- Loại g&oacute;t : G&oacute;t nhọn<br />- M&agrave;u sắc : Đen, Kem, V&agrave;ng, Xanh&nbsp;Navy<br /><br /></p>', 1, 'product_1498488433_465A7480.jpg', 3, 0, 1, 0),
(146, 'Giày Cao Gót BHN72129', 'BHN72129', 395000, '<p>- Chất liệu : Da tổng hợp</p>\r\n<p>- Cao g&oacute;t : 7 cm</p>\r\n<p>- Loại g&oacute;t : G&oacute;t nhọn</p>', 1, 'product_1498488897_465A7329.jpg', 1, 0, 1, 0),
(147, 'Giày Cao Gót BNK72130', 'BNK72130', 475000, '<p>- Chất liệu : Da tổng hợp</p>\r\n<p>- Cao g&oacute;t : 7 cm</p>\r\n<p>- Loại g&oacute;t : G&oacute;t nhọn</p>', 1, 'product_1498489460_465A7332.jpg', 1, 0, 1, 0),
(148, 'Giày Cao Gót BNK2131', 'BNK2131', 440000, '<p>- Chất liệu : Da tổng hợp</p>\r\n<p>- Cao g&oacute;t : 3 cm</p>\r\n<p>- Loại g&oacute;t : G&oacute;t nhọn</p>', 1, 'product_1498802351_465A7330.jpg', 1, 0, 1, 0),
(149, 'Giày Cao Gót BNH72132', 'BNH72132', 455000, '<p>- Chất liệu : Da tổng hợp</p>\r\n<p>- Cao g&oacute;t : 7 cm</p>\r\n<p>- Loại g&oacute;t : G&oacute;t nhọn</p>', 1, 'product_1498634462_465A7311.jpg', 1, 0, 1, 0),
(150, 'Giày Cao Gót BNN52133', 'BNN52133', 425000, '<p>- Chất liệu : Da tổng hợp</p>\r\n<p>- Cao g&oacute;t : 5 cm</p>\r\n<p>- Loại g&oacute;t : G&oacute;t nhọn</p>', 1, 'product_1498669928_465A7328.jpg', 1, 0, 1, 0),
(151, 'Búp Bê BBN2134', 'BBN2134', 345000, '<p>- Chất liệu : Da tổng hợp</p>\r\n<p>- Loại g&oacute;t : Đế bệt</p>', 1, 'product_1498670267_465A7324.jpg', 2, 0, 1, 0),
(152, 'Giày Bít BND1135', 'BND1135', 435000, '<p>- Chất liệu : Da tổng hợp</p>\r\n<p>- Cao g&oacute;t : 3 cm</p>\r\n<p>- Loại g&oacute;t : G&oacute;t vu&ocirc;ng</p>', 1, 'product_1504064699_IMG_9525.jpg', 1, 0, 1, 0),
(153, 'Sandal SDH1137', 'SDH1137', 450000, '', 1, 'product_1498802482_465A7534.jpg', 3, 0, 1, 0),
(154, 'Sandal SDT1138', 'SDT1138', 420000, '<p>- Chất liệu : Da tổng hợp</p>\r\n<p>- Cao g&oacute;t : 7 cm</p>\r\n<p>- Loại g&oacute;t : G&oacute;t trụ&nbsp;</p>\r\n<p>- &nbsp;M&agrave;u sắc : Đen, Kem, N&acirc;u, Xanh Navy</p>', 1, 'product_1498671442_465A7474.jpg', 3, 0, 1, 0),
(155, 'Sandal SDT1139', 'SDT1139', 420000, '<p>- Chất liệu : Da tổng hợp</p>\r\n<p>- Cao g&oacute;t : 7 cm</p>\r\n<p>- Loại g&oacute;t : G&oacute;t trụ</p>', 1, 'product_1498802544_465A7497.jpg', 3, 0, 1, 0),
(157, 'Sandal SDT1140', 'SDT1140', 430000, '<p>- Chất liệu : Da tổng hợp</p>\r\n<p>- Cao g&oacute;t : 7 cm</p>\r\n<p>- Loại g&oacute;t : G&oacute;t trụ</p>', 1, 'product_1498802608_465A7493.jpg', 3, 0, 1, 0),
(158, 'Sandal SDT1141', 'SDT1141', 400000, '<p>- Chất liệu : Da tổng hợp</p>\r\n<p>- Cao g&oacute;t : 7 cm</p>\r\n<p>- Loại g&oacute;t : G&oacute;t trụ</p>', 1, 'product_1498802670_465A7482.jpg', 3, 0, 1, 0),
(159, 'Sandals SDT1142', 'SDT1142', 250000, '', 0, '', 3, 0, 1, 0),
(160, 'Sandals SDT1143', 'SDT1143', 250000, '', 0, '', 3, 0, 1, 0),
(161, 'Sandals SDH1144', 'SDH1144', 450000, '<p>- Chất liệu : Da tổng hợp</p>\r\n<p>- Cao g&oacute;t : 5 cm</p>\r\n<p>- Loại g&oacute;t : G&oacute;t vu&ocirc;ng hoa</p>', 1, 'product_1498802718_465A7470.jpg', 3, 0, 1, 0),
(162, 'Giày Cao Gót BBN71145', 'BBN71145', 405000, '<p>- Chất liệu : Da tổng hợp</p>\r\n<p>- Cao g&oacute;t : 7 cm</p>\r\n<p>- Loại g&oacute;t : G&oacute;t nhọn</p>\r\n<p>- M&agrave;u sắc : Đen, Kem, Cafe, Đỏ</p>', 1, 'product_1498673340_465A7289.jpg', 1, 0, 1, 0),
(163, 'Giày Cao Gót BNX71146', 'BNX71146', 495000, '<p>- Chất liệu : Da tổng hợp</p>\r\n<p>- Cao g&oacute;t : 7 cm</p>\r\n<p>- Loại g&oacute;t : G&oacute;t nhọn</p>', 1, 'product_1498673598_465A7344.jpg', 1, 0, 1, 0),
(164, 'Sandals SDX1147', 'SDX1147', 475000, '<p>- Chất liệu : Da tổng hợp</p>\r\n<p>- Cao g&oacute;t : 5 cm</p>\r\n<p>- Loại g&oacute;t : G&oacute;t nhọn</p>\r\n<p>- M&agrave;u sắc : Đen, Đỏ, X&aacute;m, Xanh Navy</p>', 1, 'product_1498673877_465A7571.jpg', 3, 0, 1, 0),
(165, 'Giày Cao Gót BNX71148', 'BNX71148', 495000, '<p>- Chất liệu : Da tổng hợp</p>\r\n<p>- Cao g&oacute;t : 7 cm</p>\r\n<p>- Loại g&oacute;t : G&oacute;t nhọn</p>', 1, 'product_1498674171_465A7388.jpg', 1, 0, 1, 0),
(166, 'Sandals SDN1149', 'SDN1149', 410000, '<p>- Chất liệu : Lụa cao cấp</p>\r\n<p>- Cao g&oacute;t : 5 cm</p>\r\n<p>- Loại g&oacute;t : G&oacute;t nhọn</p>', 1, 'product_1498674673_465A7578.jpg', 3, 0, 1, 0),
(167, 'Giày Cao Gót BNP71150', 'BNP71150', 410000, '<p>- Chất liệu : Da tổng hợp</p>\r\n<p>- Cao g&oacute;t : 7 cm</p>\r\n<p>- Loại g&oacute;t : G&oacute;t nhọn</p>', 1, 'product_1498674862_465A7385.jpg', 1, 0, 1, 0),
(168, 'Búp Bê BBK2151', 'BBK2151', 395000, '<p>- Chất liệu : Da tổng hợp</p>\r\n<p>- Loại g&oacute;t : Đế bệt</p>\r\n<p>- M&agrave;u sắc : Đen, Kem, X&aacute;m, Xanh nhạt</p>', 1, 'product_1498675233_465A7323.jpg', 2, 0, 1, 0),
(169, 'Giày Cao Gót BNKT72152', ' BNKT72152', 420000, '<p>- Chất liệu : Da kim tuyến</p>\r\n<p>- Cao g&oacute;t : 7 cm</p>\r\n<p>- Loại g&oacute;t : G&oacute;t nhọn</p>\r\n<p>- M&agrave;u sắc : Đen, V&agrave;ng, X&aacute;m</p>', 1, 'product_1498675612_465A7382.jpg', 1, 0, 1, 0),
(170, 'Búp Bê BBN2153', 'BBN2153', 375000, '<p>- Chất liệu : Da tổng hợp</p>\r\n<p>- Loại g&oacute;t : Đế bệt</p>', 1, 'product_1498675721_465A7371.jpg', 2, 0, 1, 0),
(171, 'Giày Bít BNN72154', 'BNN72154', 420000, '<p>- Chất liệu : Da tổng hợp</p>\r\n<p>- Cao g&oacute;t : 7 cm</p>\r\n<p>- Loại g&oacute;t : G&oacute;t nhọn</p>', 1, 'product_1504063792_IMG_9503.jpg', 1, 0, 1, 0),
(172, 'Giày Cao Gót BNT72155', 'BNT72155', 425000, '<p>- Chất liệu : Da tổng hợp</p>\r\n<p>- Cao g&oacute;t : 7 cm</p>\r\n<p>- Loại g&oacute;t : G&oacute;t nhọn</p>\r\n<p>- M&agrave;u sắc : Đen, Kem, Cam</p>', 1, 'product_1498676000_465A7384.jpg', 1, 0, 1, 0),
(173, 'Giày Cao Gót BNX72156', 'BNX72156', 495000, '<p>- Chất liệu : Da tổng hợp</p>\r\n<p>- Cao g&oacute;t : 7 cm</p>\r\n<p>- Loại g&oacute;t : G&oacute;t nhọn</p>', 1, 'product_1498676222_465A7365.jpg', 1, 0, 1, 0),
(174, 'Giày Cao Gót BNX72158', 'BNX72158', 440000, '<p>- Chất liệu : Da tổng hợp</p>\r\n<p>- Cao g&oacute;t : 7 cm</p>\r\n<p>- Loại g&oacute;t : G&oacute;t nhọn</p>', 1, 'product_1498803036_465A7282.jpg', 1, 0, 1, 0),
(175, 'Giày Cao Gót BNX72157', 'BNX72157', 480000, '<p>- Chất liệu : Da tổng hợp</p>\r\n<p>- Cao g&oacute;t : 7 cm</p>\r\n<p>- Loại g&oacute;t : G&oacute;t nhọn</p>', 1, 'product_1498676551_465A7439.jpg', 1, 0, 1, 0),
(176, 'Giày Cao Gót BNK2159', 'BNK2159', 420000, '<p>- Chất liệu : Da tổng hợp</p>\r\n<p>- Cao g&oacute;t : 3 cm</p>\r\n<p>- Loại g&oacute;t : G&oacute;t vu&ocirc;ng</p>', 1, 'product_1498676797_465A7458.jpg', 1, 0, 1, 0),
(177, 'Giày Cao Gót BNN72160', 'BNN72160', 420000, '<p>- Chất liệu : Da tổng hợp</p>\r\n<p>- Cao g&oacute;t : 7 cm</p>\r\n<p>- Loại g&oacute;t : G&oacute;t nhọn</p>', 1, 'product_1498677100_465A7319.jpg', 1, 0, 1, 0),
(178, 'Giày Cao Gót BNH2161', 'BNH2161', 440000, '<p>- Chất liệu : Da tổng hợp</p>\r\n<p>- Cao g&oacute;t : 5 cm</p>\r\n<p>- Loại g&oacute;t : G&oacute;t vu&ocirc;ng hoa</p>', 1, 'product_1498677433_465A7334.jpg', 1, 0, 1, 0),
(179, 'Giày Cao Gót BNT2162', 'BNT2162', 410000, '<p>- Chất liệu : Da tổng hợp</p>\r\n<p>- Cao g&oacute;t : 7 cm</p>\r\n<p>- Loại g&oacute;t : G&oacute;t nhọn</p>\r\n<p>- M&agrave;u sắc : Đen, Kem, Xanh Navy, X&aacute;m</p>\r\n<p>&nbsp;</p>', 1, 'product_1498677698_465A7269.jpg', 1, 0, 1, 0),
(180, 'Giày Bít BNX72163', 'BNX72163', 475000, '<p>- Chất liệu : Da tổng hợp</p>\r\n<p>- Cao g&oacute;t : 7 cm</p>\r\n<p>- Loại g&oacute;t : G&oacute;t nhọn</p>', 1, 'product_1504063398_IMG_9482.jpg', 1, 0, 1, 0),
(181, 'Sandals SDT1165', 'SDT1165', 360000, '<p>- Chất liệu : Da tổng hợp</p>\r\n<p>- Cao g&oacute;t : 3cm</p>\r\n<p>- Loại g&oacute;t : G&oacute;t vu&ocirc;ng</p>\r\n<p>- M&agrave;u sắc : Đen</p>\r\n<p>&nbsp;</p>', 1, 'product_1498678384_465A7553.jpg', 3, 0, 1, 0),
(182, 'Giày Cao Gót BNK72169', 'BNK72169', 430000, '<p><span style=\"color: #000000;\"><span style=\"font-family: \'Open Sans\', sans-serif;\"><span style=\"font-size: medium;\">- Chất liệu : Da tổng hợp</span></span></span></p>\r\n<p><span style=\"color: #000000;\"><span style=\"font-family: \'Open Sans\', sans-serif;\"><span style=\"font-size: medium;\">- Cao g&oacute;t : 7 cm</span></span></span></p>\r\n<p><span style=\"color: #000000;\"><span style=\"font-family: \'Open Sans\', sans-serif;\"><span style=\"font-size: medium;\">- Loại g&oacute;t : G&oacute;t nhọn</span></span></span></p>\r\n<p><span style=\"color: #000000;\"><span style=\"font-family: \'Open Sans\', sans-serif;\"><span style=\"font-size: medium;\">- M&agrave;u sắc : Đen, Kem, N&acirc;u</span></span></span></p>', 1, 'product_1498808539_465A7308.jpg', 1, 0, 1, 0),
(183, 'Dép DK2170', 'DK2170', 352000, '<p>- Chất liệu : Da tổng hợp</p>\r\n<p>- Loại g&oacute;t : Đế bệt</p>\r\n<p>- M&agrave;u sắc : Đen, N&acirc;u, Kem</p>\r\n<p>&nbsp;</p>', 0, 'product_1498679390_465A7442.jpg', 6, 0, 1, 0),
(184, 'Sandals SDK2171', 'SDK2171', 365000, '', 1, 'product_1504065525_IMG_9581.jpg', 3, 0, 1, 0),
(185, 'Sandals SDT1172', 'SDT1172', 375000, '<p>- Chất liệu : Da tổng hợp</p>\r\n<p>- Loại g&oacute;t : Đế bệt</p>\r\n<p>- M&agrave;u sắc : Đen, N&acirc;u</p>', 1, 'product_1504065462_IMG_9573.jpg', 3, 0, 1, 0),
(186, 'Giày Cao Gót BNK31075', 'BNK31075', 415000, '<p>- Chất liệu : Da tổng hợp</p>\r\n<p>- Cao g&oacute;t : 5 cm</p>\r\n<p>- Loại g&oacute;t : G&oacute;t nhọn</p>', 1, 'product_1498800479_BNK31075BA-415.jpg', 1, 0, 1, 0),
(188, 'Sandals SDD1136', 'SDD1136', 425000, '<p>- Chất liệu : Da nỉ</p>\r\n<p>- Cao g&oacute;t : 5 cm</p>\r\n<p>- Loại g&oacute;t : G&oacute;t vu&ocirc;ng</p>', 1, 'product_1498670883_465A7537.jpg', 3, 0, 1, 0),
(189, 'Giày Đế Xuồng XNT1110', 'XNT1110', 395000, '<p>- Chất liệu : Da tổng hợp</p>\r\n<p>- Cao g&oacute;t : 7 cm</p>\r\n<p>- Loại g&oacute;t : Đế xuồng</p>', 1, 'product_1498403179_465A7399.jpg', 4, 0, 1, 0),
(190, 'Sandals SDT1040', 'SDT1040', 400000, '<p>- Chất liệu : Da tổng hợp</p>\r\n<p>- Cao g&oacute;t : 7 cm</p>\r\n<p>- Loại g&oacute;t : G&oacute;t trụ</p>', 1, 'product_1498808378_465A7501.jpg', 3, 0, 1, 0),
(191, 'Giày Cao Gót BNK72183', 'BNK72183', 465000, '', 1, 'product_1504063212_IMG_9486.jpg', 1, 0, 1, 0),
(192, 'Giày Cao Gót BNH52180', 'BNH52180', 425000, '', 1, 'product_1504063655_IMG_9490.jpg', 1, 0, 1, 0),
(193, 'Giày Cao Gót BNN72177', 'BNN72177', 435000, '', 1, 'product_1504063843_IMG_9504.jpg', 1, 0, 1, 0),
(194, 'Giày Cao Gót BNN71175', 'BNN71175', 415000, '', 1, 'product_1504064023_IMG_9512.jpg', 1, 0, 1, 0),
(195, 'Giày Cao Gót BNX52181', 'BNX52181', 460000, '', 1, 'product_1504064244_IMG_9518.jpg', 1, 0, 1, 0),
(197, 'Giày Cao Gót BNK52182', 'BNK52182', 420000, '', 1, 'product_1504064376_IMG_9520.jpg', 1, 0, 1, 0),
(198, 'Giày Cao Gót BNT52179', 'BNT52179', 400000, '', 1, 'product_1504064777_IMG_9528.jpg', 1, 0, 1, 0),
(199, 'Giafy Búp Bê BBK2178', 'BBK2178', 390000, '', 1, 'product_1504064913_IMG_9536.jpg', 2, 0, 1, 0),
(200, 'Giày Sandals SDT1174', 'SDT1174', 425000, '', 1, 'product_1504065136_IMG_9560.jpg', 3, 0, 1, 0),
(201, 'Giày Sandals SDT2176', 'SDT2176', 400000, '', 1, 'product_1504065305_IMG_9571.jpg', 3, 0, 1, 0),
(202, 'Giày Sandals SDT1173', 'SDT1173', 395000, '', 1, 'product_1504065578_IMG_9591.jpg', 3, 0, 1, 0);

-- --------------------------------------------------------

--
-- Table structure for table `product_category`
--

CREATE TABLE `product_category` (
  `product_category_id` int(11) NOT NULL,
  `product_category_name` varchar(50) COLLATE utf8_unicode_ci NOT NULL,
  `product_category_parent` int(11) NOT NULL,
  `product_category_status` int(11) NOT NULL
) ENGINE=InnoDB DEFAULT CHARSET=utf8 COLLATE=utf8_unicode_ci;

--
-- Dumping data for table `product_category`
--

INSERT INTO `product_category` (`product_category_id`, `product_category_name`, `product_category_parent`, `product_category_status`) VALUES
(1, 'Giày Cao Gót', 0, 1),
(2, 'Giày Búp Bê', 0, 1),
(3, 'Giày Sandals', 0, 1),
(4, 'Giày Đế Xuồng', 0, 1),
(5, 'Giày Sneaker', 0, 1),
(6, 'Dép Nữ', 0, 1);

-- --------------------------------------------------------

--
-- Table structure for table `product_detail`
--

CREATE TABLE `product_detail` (
  `product_detail_id` int(11) NOT NULL,
  `color_id` int(11) NOT NULL,
  `product_id` int(11) NOT NULL,
  `product_detail_status` int(1) NOT NULL,
  `size_id` varchar(255) COLLATE utf8_unicode_ci NOT NULL
) ENGINE=InnoDB DEFAULT CHARSET=utf8 COLLATE=utf8_unicode_ci;

--
-- Dumping data for table `product_detail`
--

INSERT INTO `product_detail` (`product_detail_id`, `color_id`, `product_id`, `product_detail_status`, `size_id`) VALUES
(1, 6, 4, 1, ',10,9,8,7,6,'),
(2, 11, 4, 1, ',10,9,8,7,6,'),
(3, 12, 4, 1, ',10,9,8,7,6,'),
(4, 11, 5, 1, ',9,8,7,6,'),
(5, 6, 5, 1, ',9,8,7,6,'),
(6, 6, 6, 1, ',9,8,7,6,'),
(7, 15, 6, 1, ',9,8,7,6,'),
(8, 5, 6, 1, ',,'),
(9, 15, 7, 1, ',9,8,7,6,'),
(10, 6, 7, 1, ',9,8,7,6,'),
(11, 5, 7, 1, ',9,8,7,6,'),
(12, 6, 8, 1, ',10,9,8,7,6,'),
(13, 5, 8, 1, ',9,8,7,6,'),
(14, 15, 8, 1, ',9,8,7,6,'),
(15, 6, 9, 1, ',9,8,7,6,'),
(16, 25, 9, 1, ',9,8,7,6,'),
(17, 15, 9, 1, ',9,8,7,6,'),
(18, 6, 10, 1, ',9,8,7,6,'),
(19, 5, 10, 1, ',9,8,7,6,'),
(20, 15, 10, 1, ',9,8,7,6,'),
(21, 11, 11, 1, ',10,9,8,7,6,'),
(22, 16, 11, 1, ',10,9,8,7,6,'),
(23, 6, 11, 1, ',10,9,8,7,6,'),
(24, 11, 12, 1, ',10,9,8,7,6,'),
(25, 5, 12, 1, ',10,9,8,7,6,'),
(26, 15, 12, 1, ',10,9,8,7,6,'),
(27, 6, 12, 1, ',10,9,8,7,6,'),
(28, 5, 13, 1, ',10,9,8,7,6,'),
(29, 6, 13, 1, ',10,9,8,7,6,'),
(30, 15, 13, 1, ',10,9,8,7,6,'),
(31, 15, 14, 1, ',10,9,8,7,6,'),
(32, 6, 14, 1, ',10,9,8,7,6,'),
(33, 5, 14, 1, ',10,9,8,7,6,'),
(34, 5, 15, 1, ',10,9,8,7,6,'),
(35, 6, 15, 1, ',10,9,8,7,6,'),
(36, 15, 15, 1, ',10,9,8,7,6,'),
(37, 6, 16, 1, ',9,8,7,6,'),
(38, 5, 16, 1, ',9,8,7,6,'),
(39, 15, 16, 1, ',9,8,7,6,'),
(40, 13, 17, 1, ',9,8,7,6,'),
(41, 6, 17, 1, ',9,8,7,6,'),
(42, 5, 17, 1, ',9,8,7,6,'),
(43, 6, 18, 1, ',9,8,7,6,'),
(44, 8, 18, 1, ',9,8,7,6,'),
(45, 5, 18, 1, ',9,8,7,6,'),
(46, 18, 18, 1, ',9,8,7,6,'),
(47, 5, 19, 1, ',9,8,7,6,'),
(48, 6, 19, 1, ',9,8,7,6,'),
(49, 15, 19, 1, ',9,8,7,6,'),
(50, 11, 20, 1, ',9,8,7,6,'),
(51, 6, 20, 1, ',9,8,7,6,'),
(52, 12, 20, 1, ',9,8,7,6,'),
(53, 11, 21, 1, ',9,8,7,6,'),
(54, 6, 21, 1, ',9,8,7,6,'),
(55, 11, 22, 1, ',9,8,7,6,'),
(56, 6, 22, 1, ',9,8,7,6,'),
(57, 15, 22, 1, ',9,8,7,6,'),
(59, 15, 11, 1, ',10,9,8,7,6,'),
(60, 6, 23, 1, ',9,8,7,6,'),
(61, 18, 23, 1, ',9,8,7,6,'),
(62, 5, 23, 1, ',9,8,7,6,'),
(63, 6, 24, 1, ',9,8,7,6,'),
(64, 15, 24, 1, ',9,8,7,6,'),
(65, 5, 24, 1, ',9,8,7,6,'),
(66, 6, 25, 1, ',9,8,7,6,'),
(67, 15, 25, 1, ',9,8,7,6,'),
(68, 5, 25, 1, ',9,8,7,6,'),
(69, 6, 26, 1, ',9,8,7,6,'),
(70, 5, 26, 1, ',9,8,7,6,'),
(71, 6, 27, 1, ',9,8,7,6,'),
(72, 15, 27, 1, ',9,8,7,6,'),
(73, 13, 27, 1, ',9,8,7,6,'),
(74, 5, 27, 1, ',9,8,7,6,'),
(75, 13, 28, 1, ',9,8,7,6,'),
(76, 6, 28, 1, ',9,8,7,6,'),
(77, 5, 28, 1, ',9,8,7,6,'),
(78, 15, 29, 1, ',9,8,7,6,'),
(79, 6, 29, 1, ',9,8,7,6,'),
(80, 5, 29, 1, ',9,8,7,6,'),
(81, 6, 30, 1, ',9,8,7,6,'),
(82, 5, 30, 1, ',9,8,7,6,'),
(83, 6, 31, 1, ',9,8,7,6,'),
(84, 5, 31, 1, ',9,8,7,6,'),
(85, 6, 32, 1, ',9,8,7,6,'),
(86, 15, 32, 1, ',9,8,7,6,'),
(87, 5, 32, 1, ',9,8,7,6,'),
(88, 6, 33, 1, ',9,8,7,6,'),
(89, 13, 33, 1, ',9,8,7,6,'),
(90, 15, 33, 1, ',9,8,7,6,'),
(91, 11, 35, 1, ',9,8,7,6,'),
(92, 6, 35, 1, ',9,8,7,6,'),
(93, 10, 35, 1, ',9,8,7,6,'),
(94, 20, 36, 1, ',9,8,7,6,'),
(95, 6, 36, 1, ',9,8,7,6,'),
(96, 10, 37, 1, ',10,9,8,7,6,'),
(97, 6, 38, 1, ',10,9,8,7,6,'),
(98, 7, 38, 1, ',10,9,8,7,6,'),
(99, 6, 39, 1, ',9,8,7,6,'),
(100, 25, 39, 1, ',9,8,7,6,'),
(101, 20, 39, 1, ',9,8,7,6,'),
(102, 5, 40, 1, ',9,8,7,6,'),
(103, 6, 40, 1, ',9,8,7,6,'),
(104, 13, 40, 1, ',9,8,7,6,'),
(105, 10, 41, 1, ',9,8,7,6,'),
(106, 5, 41, 1, ',9,8,7,6,'),
(107, 6, 41, 1, ',9,8,7,6,'),
(108, 13, 42, 1, ',9,8,7,6,'),
(109, 6, 42, 1, ',9,8,7,6,'),
(110, 5, 42, 1, ',9,8,7,6,'),
(111, 6, 44, 1, ',9,8,7,6,'),
(112, 13, 44, 1, ',9,8,7,6,'),
(113, 5, 44, 1, ',10,9,8,6,'),
(114, 6, 45, 1, ',9,8,7,6,'),
(115, 5, 45, 0, ',9,8,7,6,'),
(116, 20, 45, 1, ',9,8,7,6,'),
(117, 6, 46, 1, ',10,9,8,7,6,'),
(118, 25, 46, 1, ',10,9,8,7,6,'),
(119, 20, 46, 1, ',10,9,8,7,6,'),
(120, 20, 47, 1, ',10,9,8,7,6,'),
(121, 6, 47, 0, ',10,9,8,7,6,'),
(122, 6, 48, 1, ',10,9,8,7,6,'),
(123, 6, 49, 1, ',9,8,7,6,'),
(124, 5, 49, 1, ',9,8,7,6,'),
(125, 14, 49, 0, ',9,8,7,6,'),
(126, 15, 49, 0, ',,'),
(127, 18, 49, 1, ',9,8,7,6,'),
(128, 6, 43, 1, ',9,8,7,6,'),
(129, 13, 43, 1, ',9,8,7,6,'),
(130, 7, 43, 1, ',9,8,7,6,'),
(131, 6, 50, 1, ',9,8,7,6,'),
(132, 20, 50, 1, ',9,8,7,6,'),
(133, 7, 50, 1, ',9,8,7,6,'),
(134, 13, 50, 1, ',9,8,7,6,'),
(135, 6, 51, 1, ',9,8,7,6,'),
(136, 5, 51, 1, ',9,8,7,6,'),
(137, 6, 52, 1, ',9,8,7,6,'),
(138, 15, 52, 1, ',9,8,7,6,'),
(139, 18, 52, 1, ',9,8,7,6,'),
(140, 5, 53, 1, ',9,8,7,6,'),
(141, 6, 53, 0, ',9,8,7,6,'),
(142, 15, 53, 1, ',9,8,7,6,'),
(143, 14, 53, 0, ',9,8,7,6,'),
(144, 21, 53, 1, ',9,8,7,6,'),
(145, 6, 54, 1, ',9,8,7,6,'),
(146, 15, 54, 1, ',9,8,7,6,'),
(147, 7, 54, 1, ',9,8,7,6,'),
(148, 6, 56, 1, ',9,8,7,6,'),
(149, 14, 56, 1, ',9,8,7,6,'),
(150, 15, 56, 1, ',9,8,7,6,'),
(151, 5, 56, 1, ',9,8,7,6,'),
(152, 5, 57, 1, ',9,8,7,6,'),
(153, 10, 57, 1, ',9,8,7,6,'),
(154, 10, 58, 1, ',9,8,7,6,'),
(155, 6, 58, 1, ',9,8,7,6,'),
(156, 15, 59, 1, ',9,8,7,6,'),
(157, 5, 59, 1, ',9,8,7,6,'),
(158, 6, 59, 1, ',9,8,7,6,'),
(159, 6, 60, 1, ',9,8,7,6,'),
(160, 5, 60, 1, ',9,8,7,6,'),
(161, 18, 60, 1, ',9,8,7,6,'),
(162, 15, 60, 0, ',9,8,7,6,'),
(163, 14, 60, 1, ',9,8,7,6,'),
(164, 6, 61, 1, ',9,8,7,6,'),
(165, 5, 61, 1, ',9,8,7,6,'),
(166, 15, 61, 1, ',9,8,7,6,'),
(167, 6, 62, 1, ',9,8,7,6,'),
(168, 14, 62, 1, ',9,8,7,6,'),
(169, 15, 62, 1, ',9,8,7,6,'),
(170, 6, 63, 1, ',9,8,7,6,'),
(171, 15, 63, 1, ',9,8,7,6,'),
(172, 5, 63, 1, ',9,8,7,6,'),
(173, 20, 63, 1, ',9,8,7,6,'),
(174, 22, 63, 1, ',9,8,7,6,'),
(175, 6, 64, 1, ',9,8,7,6,'),
(176, 5, 64, 1, ',9,8,7,6,'),
(177, 13, 64, 1, ',9,8,7,6,'),
(178, 23, 64, 1, ',9,8,7,6,'),
(179, 6, 65, 1, ',9,8,7,6,'),
(180, 15, 65, 1, ',9,8,7,6,'),
(181, 23, 65, 1, ',9,8,7,6,'),
(182, 6, 66, 1, ',9,8,7,6,'),
(183, 8, 66, 1, ',9,8,7,6,'),
(184, 15, 66, 1, ',9,8,7,6,'),
(185, 7, 66, 1, ',9,8,7,6,'),
(186, 5, 67, 1, ',9,8,7,6,'),
(187, 15, 67, 1, ',9,8,7,6,'),
(188, 6, 67, 1, ',9,8,7,6,'),
(189, 6, 68, 1, ',9,8,7,6,'),
(190, 24, 68, 1, ',9,8,7,6,'),
(191, 14, 68, 1, ',9,8,7,6,'),
(192, 6, 69, 1, ',9,8,7,6,'),
(193, 5, 69, 1, ',9,8,7,6,'),
(194, 6, 70, 1, ',9,8,7,6,'),
(195, 13, 70, 1, ',9,8,7,6,'),
(196, 13, 71, 1, ',9,8,7,6,'),
(197, 6, 71, 1, ',9,8,7,6,'),
(198, 8, 71, 1, ',9,8,7,6,'),
(199, 10, 72, 1, ',9,8,7,6,'),
(200, 5, 72, 1, ',9,8,7,6,'),
(201, 13, 72, 1, ',9,8,7,6,'),
(202, 7, 72, 1, ',9,8,7,6,'),
(203, 15, 72, 1, ',9,8,7,6,'),
(204, 6, 72, 1, ',9,8,7,6,'),
(205, 6, 73, 1, ',9,8,7,6,'),
(206, 9, 73, 1, ',9,8,7,6,'),
(207, 13, 73, 1, ',9,8,7,6,'),
(208, 6, 74, 1, ',9,8,7,6,'),
(209, 16, 74, 1, ',9,8,7,6,'),
(210, 10, 74, 1, ',9,8,7,6,'),
(211, 15, 74, 1, ',9,8,7,6,'),
(212, 6, 75, 1, ',10,9,8,7,6,'),
(213, 20, 75, 1, ',10,9,8,7,6,'),
(214, 25, 75, 1, ',10,9,8,7,6,'),
(216, 23, 76, 1, ',9,8,7,6,'),
(217, 7, 76, 1, ',9,8,7,6,'),
(218, 6, 76, 1, ',9,8,7,6,'),
(219, 11, 77, 1, ',9,8,7,6,'),
(220, 25, 77, 1, ',9,8,7,6,'),
(221, 20, 77, 1, ',9,8,7,6,'),
(222, 6, 78, 1, ',9,8,7,6,'),
(223, 18, 78, 1, ',9,8,7,6,'),
(224, 13, 78, 1, ',9,8,7,6,'),
(225, 7, 79, 1, ',10,9,8,7,6,'),
(226, 15, 79, 1, ',10,9,8,7,6,'),
(227, 11, 79, 1, ',10,9,8,7,6,'),
(228, 6, 79, 1, ',10,9,8,7,6,'),
(229, 6, 80, 1, ',9,8,7,6,'),
(230, 20, 80, 1, ',9,8,7,6,'),
(231, 25, 80, 1, ',9,8,7,6,'),
(232, 6, 81, 1, ',10,9,8,7,6,'),
(233, 10, 81, 1, ',10,9,8,7,6,'),
(234, 15, 81, 1, ',10,9,8,7,6,'),
(235, 6, 82, 1, ',9,8,7,6,'),
(236, 5, 82, 1, ',9,8,7,6,'),
(237, 10, 82, 1, ',9,8,7,6,'),
(238, 6, 83, 1, ',9,8,7,6,'),
(239, 15, 83, 1, ',9,8,7,6,'),
(240, 7, 84, 1, ',9,8,7,6,'),
(241, 25, 84, 1, ',9,8,7,6,'),
(242, 20, 84, 1, ',9,8,7,6,'),
(243, 6, 85, 1, ',9,8,7,6,'),
(244, 5, 85, 1, ',9,8,7,6,'),
(245, 15, 85, 1, ',9,8,7,6,'),
(246, 23, 86, 1, ',9,8,7,6,'),
(247, 13, 86, 1, ',9,8,7,6,'),
(248, 6, 87, 1, ',9,8,7,6,'),
(249, 5, 87, 1, ',9,8,7,6,'),
(250, 15, 87, 1, ',9,8,7,6,'),
(251, 14, 87, 1, ',9,8,7,6,'),
(252, 6, 88, 1, ',9,8,7,6,'),
(253, 11, 88, 1, ',9,8,7,6,'),
(254, 20, 88, 1, ',9,8,7,6,'),
(255, 13, 88, 1, ',9,8,7,6,'),
(256, 6, 89, 1, ',9,8,7,6,'),
(257, 23, 89, 1, ',9,8,7,6,'),
(258, 5, 89, 1, ',9,8,7,6,'),
(259, 15, 89, 1, ',9,8,7,6,'),
(261, 10, 90, 1, ',9,8,7,6,'),
(262, 6, 90, 1, ',9,8,7,6,'),
(263, 5, 90, 1, ',9,8,7,6,'),
(264, 15, 90, 1, ',9,8,7,6,'),
(265, 7, 91, 1, ',9,8,7,6,'),
(266, 5, 91, 1, ',9,8,7,6,'),
(267, 6, 91, 1, ',9,8,7,6,'),
(268, 6, 92, 1, ',9,8,7,6,'),
(269, 9, 92, 1, ',9,8,7,6,'),
(270, 6, 93, 1, ',9,8,7,6,'),
(271, 9, 93, 1, ',9,8,7,6,'),
(272, 8, 94, 1, ',9,8,7,6,'),
(273, 5, 94, 1, ',9,8,7,6,'),
(274, 6, 94, 1, ',9,8,7,6,'),
(275, 6, 95, 1, ',9,8,7,6,'),
(276, 9, 95, 1, ',9,8,7,6,'),
(277, 6, 96, 1, ',9,8,7,6,'),
(278, 18, 96, 1, ',9,8,7,6,'),
(279, 6, 97, 1, ',9,8,7,6,'),
(280, 5, 97, 1, ',9,8,7,6,'),
(281, 18, 97, 1, ',9,8,7,6,'),
(282, 18, 98, 1, ',9,8,7,6,'),
(283, 8, 98, 1, ',9,8,7,6,'),
(284, 6, 98, 1, ',9,8,7,6,'),
(285, 6, 99, 1, ',9,8,7,6,'),
(286, 13, 99, 1, ',9,8,7,6,'),
(287, 5, 99, 1, ',9,8,7,6,'),
(288, 15, 99, 1, ',9,8,7,6,'),
(289, 23, 99, 1, ',9,8,7,6,'),
(290, 5, 100, 1, ',9,8,7,6,'),
(291, 6, 100, 1, ',9,8,7,6,'),
(292, 13, 100, 1, ',9,8,7,6,'),
(293, 6, 101, 1, ',9,8,7,6,'),
(294, 13, 101, 1, ',9,8,7,6,'),
(295, 5, 101, 1, ',9,8,7,6,'),
(296, 15, 102, 1, ',9,8,7,6,'),
(297, 6, 102, 1, ',9,8,7,6,'),
(298, 13, 102, 1, ',9,8,7,6,'),
(299, 23, 102, 1, ',9,8,7,6,'),
(300, 5, 102, 1, ',9,8,7,6,'),
(301, 6, 103, 1, ',9,8,7,6,'),
(302, 15, 103, 1, ',9,8,7,6,'),
(303, 5, 103, 1, ',9,8,7,6,'),
(305, 11, 104, 1, ',9,8,7,6,'),
(306, 5, 104, 1, ',9,8,7,6,'),
(307, 6, 105, 1, ',10,9,8,7,6,'),
(308, 10, 105, 1, ',10,9,8,7,6,'),
(310, 6, 106, 1, ',9,8,7,6,'),
(311, 5, 106, 1, ',9,8,7,6,'),
(312, 15, 106, 1, ',9,8,7,6,'),
(313, 6, 107, 1, ',9,8,7,6,'),
(314, 25, 107, 1, ',9,8,7,6,'),
(315, 20, 107, 1, ',9,8,7,6,'),
(316, 15, 108, 1, ',9,8,7,6,'),
(317, 13, 108, 1, ',9,8,7,6,'),
(318, 6, 108, 1, ',9,8,7,6,'),
(319, 10, 109, 1, ',9,8,7,6,'),
(320, 6, 109, 1, ',9,8,7,6,'),
(321, 25, 110, 1, ',9,8,7,6,'),
(322, 5, 110, 1, ',9,8,7,6,'),
(323, 6, 110, 1, ',9,8,7,6,'),
(324, 15, 111, 1, ',9,8,7,6,'),
(325, 10, 111, 1, ',9,8,7,6,'),
(326, 6, 111, 1, ',9,8,7,6,'),
(327, 6, 112, 1, ',9,8,7,6,'),
(328, 13, 112, 1, ',9,8,7,6,'),
(329, 5, 112, 1, ',9,8,7,6,'),
(330, 13, 113, 1, ',9,8,7,6,'),
(331, 6, 113, 1, ',9,8,7,6,'),
(332, 5, 113, 0, ',9,8,7,6,'),
(333, 18, 113, 1, ',9,8,7,6,'),
(334, 21, 113, 1, ',9,8,7,6,'),
(335, 26, 113, 1, ',9,8,7,6,'),
(336, 8, 114, 1, ',10,9,8,7,6,'),
(337, 5, 114, 1, ',10,9,8,7,6,'),
(338, 6, 114, 1, ',10,9,8,7,6,'),
(339, 5, 115, 1, ',9,8,7,6,'),
(340, 7, 115, 1, ',9,8,7,6,'),
(341, 6, 115, 1, ',9,8,7,6,'),
(342, 15, 116, 1, ',9,8,7,6,'),
(343, 6, 116, 1, ',9,8,7,6,'),
(344, 5, 116, 1, ',9,8,7,6,'),
(345, 10, 117, 1, ',9,8,7,6,'),
(346, 6, 117, 1, ',9,8,7,6,'),
(347, 7, 118, 1, ',9,8,7,6,'),
(348, 6, 118, 1, ',9,8,7,6,'),
(349, 5, 118, 1, ',9,8,7,6,'),
(350, 6, 119, 1, ',9,8,7,6,'),
(351, 7, 119, 1, ',9,8,7,6,'),
(352, 5, 119, 1, ',9,8,7,6,'),
(353, 15, 120, 1, ',9,8,7,6,'),
(354, 6, 120, 1, ',9,8,7,6,'),
(355, 26, 120, 1, ',9,8,7,6,'),
(356, 21, 120, 1, ',9,8,7,6,'),
(357, 7, 120, 1, ',9,8,7,6,'),
(358, 14, 120, 1, ',9,8,7,6,'),
(359, 27, 120, 1, ',9,8,7,6,'),
(360, 6, 121, 1, ',9,8,7,6,'),
(361, 12, 121, 1, ',9,8,7,6,'),
(362, 11, 121, 1, ',9,8,7,6,'),
(363, 5, 122, 1, ',9,8,7,6,'),
(364, 6, 122, 1, ',9,8,7,6,'),
(365, 7, 122, 1, ',9,8,7,6,'),
(366, 15, 122, 1, ',9,8,7,6,'),
(367, 14, 123, 1, ',9,8,7,6,'),
(368, 6, 123, 1, ',9,8,7,6,'),
(369, 5, 123, 1, ',9,8,7,6,'),
(370, 7, 123, 1, ',9,8,7,6,'),
(371, 6, 124, 1, ',9,8,7,6,'),
(372, 14, 124, 1, ',9,8,7,6,'),
(373, 5, 124, 1, ',9,8,7,6,'),
(375, 7, 124, 1, ',9,8,7,6,'),
(376, 18, 124, 1, ',9,8,7,6,'),
(377, 6, 125, 1, ',9,8,7,6,'),
(378, 14, 125, 1, ',9,8,7,6,'),
(379, 5, 125, 0, ',9,8,7,6,'),
(380, 15, 125, 1, ',9,8,7,6,'),
(381, 6, 126, 1, ',9,8,7,6,'),
(382, 5, 126, 1, ',9,8,7,6,'),
(383, 15, 126, 1, ',9,8,7,6,'),
(384, 13, 126, 1, ',9,8,7,6,'),
(385, 5, 127, 1, ',9,8,7,6,'),
(386, 6, 127, 1, ',9,8,7,6,'),
(387, 15, 127, 1, ',9,8,7,6,'),
(388, 6, 128, 1, ',9,8,7,6,'),
(389, 10, 128, 1, ',9,8,7,6,'),
(390, 18, 129, 1, ',9,8,7,6,'),
(391, 15, 129, 1, ',9,8,7,6,'),
(392, 23, 129, 1, ',9,8,7,6,'),
(393, 13, 129, 1, ',9,8,7,6,'),
(394, 5, 130, 1, ',10,9,8,7,6,'),
(395, 6, 130, 1, ',10,9,8,7,6,'),
(396, 15, 130, 1, ',10,9,8,7,6,'),
(397, 20, 131, 1, ',10,9,8,7,6,'),
(398, 6, 131, 1, ',10,9,8,7,6,'),
(399, 5, 131, 1, ',10,9,8,7,6,'),
(400, 15, 131, 1, ',10,9,8,7,6,'),
(401, 25, 132, 1, ',10,9,8,7,6,'),
(402, 20, 132, 1, ',10,9,8,7,6,'),
(403, 6, 133, 1, ',9,8,7,6,'),
(404, 8, 133, 1, ',9,8,7,6,'),
(405, 6, 136, 1, ',9,8,7,6,'),
(406, 6, 137, 1, ',9,8,7,6,'),
(407, 20, 137, 1, ',9,8,7,6,'),
(408, 6, 138, 1, ',9,8,7,6,'),
(409, 5, 138, 1, ',9,8,7,6,'),
(410, 20, 138, 1, ',9,8,7,6,'),
(411, 14, 139, 1, ',9,8,7,6,'),
(412, 6, 139, 1, ',9,8,7,6,'),
(413, 25, 139, 1, ',9,8,7,6,'),
(414, 18, 139, 1, ',9,8,7,6,'),
(415, 6, 140, 1, ',9,8,7,6,'),
(416, 5, 141, 1, ',9,8,7,6,'),
(418, 6, 141, 0, ',9,8,7,6,'),
(419, 6, 142, 1, ',9,8,7,6,'),
(420, 18, 142, 1, ',9,8,7,6,'),
(421, 9, 142, 1, ',9,8,7,6,'),
(422, 8, 142, 1, ',9,8,7,6,'),
(423, 21, 143, 1, ',9,8,7,6,'),
(424, 27, 143, 1, ',9,8,7,6,'),
(425, 16, 143, 1, ',9,8,7,6,'),
(426, 6, 144, 1, ',9,8,7,6,'),
(427, 5, 144, 1, ',9,8,7,6,'),
(428, 16, 144, 1, ',9,8,7,6,'),
(429, 9, 144, 1, ',9,8,7,6,'),
(430, 6, 145, 1, ',9,8,7,6,'),
(431, 5, 145, 1, ',9,8,7,6,'),
(432, 11, 145, 1, ',9,8,7,6,'),
(433, 23, 145, 1, ',9,8,7,6,'),
(434, 6, 146, 1, ',10,9,8,7,6,'),
(435, 15, 146, 1, ',10,9,8,7,6,'),
(436, 6, 147, 1, ',9,8,7,6,'),
(437, 5, 147, 1, ',9,8,7,6,'),
(438, 18, 147, 1, ',9,8,7,6,'),
(439, 15, 147, 1, ',9,8,7,6,'),
(440, 6, 148, 1, ',9,8,7,6,'),
(441, 5, 148, 1, ',9,8,7,6,'),
(442, 18, 148, 1, ',9,8,7,6,'),
(443, 15, 148, 1, ',9,8,7,6,'),
(444, 6, 149, 1, ',9,8,7,6,'),
(445, 5, 149, 1, ',9,8,7,6,'),
(446, 6, 150, 1, ',9,8,7,6,'),
(447, 5, 150, 1, ',9,8,7,6,'),
(448, 18, 150, 1, ',9,8,7,6,'),
(449, 15, 150, 1, ',9,8,7,6,'),
(450, 6, 151, 1, ',9,8,7,6,'),
(451, 5, 151, 1, ',9,8,7,6,'),
(452, 15, 151, 1, ',9,8,7,6,'),
(453, 21, 152, 1, ',9,8,7,6,'),
(454, 18, 152, 1, ',9,8,7,6,'),
(455, 17, 152, 1, ',9,8,7,6,'),
(456, 6, 153, 1, ',9,8,7,6,'),
(458, 25, 153, 1, ',9,8,7,6,'),
(459, 6, 154, 1, ',9,8,7,6,'),
(460, 13, 154, 1, ',9,8,7,6,'),
(461, 5, 154, 1, ',9,8,7,6,'),
(462, 8, 154, 0, ',9,8,7,6,'),
(463, 6, 155, 1, ',9,8,7,6,'),
(464, 13, 155, 1, ',9,8,7,6,'),
(465, 5, 155, 1, ',9,8,7,6,'),
(466, 6, 156, 1, ',9,8,7,6,'),
(467, 5, 156, 1, ',9,8,7,6,'),
(468, 13, 156, 1, ',9,8,7,6,'),
(469, 6, 157, 1, ',8,7,6,'),
(470, 13, 157, 1, ',9,8,7,6,'),
(471, 5, 157, 1, ',9,8,7,6,'),
(473, 6, 158, 1, ',9,8,7,6,'),
(474, 5, 158, 1, ',9,8,7,6,'),
(475, 13, 158, 1, ',9,8,7,6,'),
(476, 7, 159, 1, ',9,8,7,6,'),
(477, 6, 159, 1, ',9,8,7,6,'),
(478, 5, 159, 1, ',9,8,7,6,'),
(479, 13, 159, 1, ',9,8,7,6,'),
(480, 10, 160, 1, ',9,8,7,6,'),
(481, 13, 160, 1, ',9,8,7,6,'),
(482, 6, 160, 1, ',9,8,7,6,'),
(483, 6, 161, 1, ',9,8,7,6,'),
(484, 5, 161, 1, ',9,8,7,6,'),
(485, 18, 162, 1, ',9,8,7,6,'),
(486, 6, 162, 1, ',9,8,7,6,'),
(487, 14, 162, 0, ',9,8,7,6,'),
(488, 5, 162, 1, ',9,8,7,6,'),
(489, 6, 163, 1, ',9,8,7,6,'),
(490, 5, 163, 1, ',9,8,7,6,'),
(491, 15, 163, 1, ',9,8,7,6,'),
(492, 6, 164, 1, ',9,8,7,6,'),
(493, 15, 164, 1, ',9,8,7,6,'),
(494, 18, 164, 1, ',9,8,7,6,'),
(495, 8, 164, 0, ',9,8,7,6,'),
(496, 14, 165, 1, ',9,8,7,6,'),
(497, 6, 165, 1, ',9,8,7,6,'),
(498, 18, 165, 1, ',9,8,7,6,'),
(499, 18, 166, 1, ',9,8,7,6,'),
(500, 6, 166, 1, ',9,8,7,6,'),
(501, 25, 166, 1, ',9,8,7,6,'),
(502, 8, 166, 1, ',9,8,7,6,'),
(503, 5, 167, 1, ',9,8,7,6,'),
(504, 8, 167, 1, ',9,8,7,6,'),
(505, 6, 167, 1, ',9,8,7,6,'),
(506, 16, 168, 0, ',9,8,7,6,'),
(507, 5, 168, 1, ',9,8,7,6,'),
(508, 15, 168, 1, ',9,8,7,6,'),
(509, 6, 168, 1, ',9,8,7,6,'),
(510, 6, 169, 1, ',9,8,7,6,'),
(511, 15, 169, 0, ',9,8,7,6,'),
(512, 11, 169, 1, ',9,8,7,6,'),
(513, 15, 170, 1, ',9,8,7,6,'),
(514, 5, 170, 1, ',9,8,7,6,'),
(515, 6, 170, 1, ',9,8,7,6,'),
(516, 6, 171, 1, ',9,8,7,6,'),
(517, 5, 171, 1, ',9,8,7,6,'),
(518, 14, 171, 1, ',9,8,7,6,'),
(519, 18, 171, 1, ',9,8,7,6,'),
(520, 6, 172, 1, ',9,8,7,6,'),
(521, 5, 172, 1, ',9,8,7,6,'),
(522, 22, 172, 1, ',9,8,7,6,'),
(523, 18, 173, 1, ',9,8,7,6,'),
(524, 5, 173, 1, ',9,8,7,6,'),
(525, 6, 173, 1, ',9,8,7,6,'),
(526, 6, 174, 1, ',9,8,7,6,'),
(527, 5, 174, 1, ',9,8,7,6,'),
(528, 18, 174, 1, ',9,8,7,6,'),
(529, 5, 175, 1, ',9,8,7,6,'),
(530, 18, 175, 1, ',9,8,7,6,'),
(531, 6, 175, 1, ',9,8,7,6,'),
(532, 6, 176, 1, ',9,8,7,6,'),
(533, 5, 176, 1, ',9,8,7,6,'),
(534, 18, 176, 1, ',9,8,7,6,'),
(535, 14, 178, 1, ',9,8,7,6,'),
(537, 6, 178, 1, ',9,8,7,6,'),
(538, 23, 179, 1, ',9,8,7,6,'),
(539, 15, 179, 1, ',9,8,7,6,'),
(540, 5, 179, 0, ',9,8,7,6,'),
(541, 6, 179, 0, ',9,8,7,6,'),
(542, 5, 180, 1, ',9,8,7,6,'),
(543, 15, 180, 1, ',9,8,7,6,'),
(544, 6, 180, 1, ',9,8,7,6,'),
(545, 6, 181, 1, ',9,8,7,6,'),
(547, 6, 182, 1, ',9,8,7,6,'),
(548, 13, 182, 0, ',9,8,7,6,'),
(549, 5, 182, 1, ',9,8,7,6,'),
(550, 6, 183, 1, ',9,8,7,6,'),
(551, 13, 183, 1, ',9,8,7,6,'),
(552, 5, 183, 0, ',9,8,7,6,'),
(553, 6, 184, 1, ',9,8,7,6,'),
(554, 13, 184, 1, ',9,8,7,6,'),
(555, 7, 184, 1, ',9,8,7,6,'),
(557, 13, 185, 1, ',9,8,7,6,'),
(558, 6, 185, 1, ',9,8,7,6,'),
(559, 6, 186, 1, ',9,8,7,6,'),
(560, 5, 186, 1, ',9,8,7,6,'),
(561, 8, 186, 1, ',9,8,7,6,'),
(562, 6, 187, 1, ',9,8,7,6,'),
(563, 13, 187, 1, ',9,8,7,6,'),
(564, 15, 187, 1, ',9,8,7,6,'),
(565, 5, 187, 1, ',9,8,7,6,'),
(566, 23, 177, 1, ',9,8,7,6,'),
(567, 6, 177, 1, ',9,8,7,6,'),
(568, 5, 177, 1, ',9,8,7,6,'),
(569, 18, 177, 1, ',9,8,7,6,'),
(571, 9, 104, 1, ',9,8,7,6,'),
(572, 6, 188, 1, ',9,8,7,6,'),
(574, 6, 189, 1, ',9,8,7,6,'),
(575, 15, 189, 1, ',9,8,7,6,'),
(576, 5, 189, 1, ',9,8,7,6,'),
(577, 15, 141, 1, ',9,8,7,6,'),
(578, 6, 129, 1, ',9,8,7,6,'),
(581, 8, 103, 1, ',9,8,7,6,'),
(582, 8, 190, 1, ',9,8,7,6,'),
(583, 15, 190, 1, ',9,8,7,6,'),
(584, 6, 190, 1, ',9,8,7,6,'),
(585, 6, 132, 1, ',9,8,7,6,'),
(586, 7, 16, 0, ',9,8,7,6,'),
(587, 20, 105, 1, ',10,9,8,7,6,'),
(588, 5, 136, 1, ',9,8,7,6,'),
(589, 15, 178, 1, ',9,8,7,6,'),
(590, 6, 191, 1, ',9,8,7,6,'),
(591, 5, 191, 1, ',9,8,7,6,'),
(593, 10, 192, 1, ',9,8,7,6,'),
(594, 6, 192, 1, ',9,8,7,6,'),
(595, 21, 193, 1, ',9,8,7,6,'),
(596, 26, 193, 1, ',9,8,7,6,'),
(597, 15, 193, 1, ',9,8,7,6,'),
(598, 23, 194, 1, ',9,8,7,6,'),
(599, 21, 194, 1, ',9,8,7,6,'),
(600, 26, 194, 1, ',9,8,7,6,'),
(601, 18, 195, 1, ',9,8,7,6,'),
(602, 21, 195, 1, ',9,8,7,6,'),
(603, 26, 195, 1, ',9,8,7,6,'),
(604, 18, 197, 1, ',9,8,7,6,'),
(605, 21, 197, 1, ',9,8,7,6,'),
(606, 26, 197, 1, ',9,8,7,6,'),
(607, 26, 198, 1, ',9,8,7,6,'),
(608, 27, 198, 1, ',9,8,7,6,'),
(609, 21, 198, 1, ',9,8,7,6,'),
(610, 15, 198, 1, ',9,8,7,6,'),
(611, 27, 199, 1, ',9,8,7,6,'),
(612, 21, 199, 1, ',9,8,7,6,'),
(613, 26, 199, 1, ',9,8,7,6,'),
(614, 15, 199, 1, ',9,8,7,6,'),
(615, 6, 200, 1, ',9,8,7,6,'),
(616, 5, 200, 1, ',9,8,7,6,'),
(617, 13, 200, 1, ',9,8,7,6,'),
(618, 27, 201, 1, ',9,8,7,6,'),
(619, 21, 201, 1, ',9,8,7,6,'),
(620, 26, 201, 1, ',9,8,7,6,'),
(621, 13, 202, 1, ',10,9,8,7,6,'),
(622, 6, 202, 1, ',10,9,8,7,6,'),
(623, 11, 48, 1, ',10,9,8,7,6,'),
(624, 15, 48, 1, ',10,9,8,7,6,');

-- --------------------------------------------------------

--
-- Table structure for table `product_picture`
--

CREATE TABLE `product_picture` (
  `product_picture_id` int(11) NOT NULL,
  `product_picture_name` varchar(255) COLLATE utf8_unicode_ci DEFAULT NULL,
  `product_detail_id` int(11) NOT NULL,
  `product_picture_position` int(11) NOT NULL
) ENGINE=InnoDB DEFAULT CHARSET=utf8 COLLATE=utf8_unicode_ci;

--
-- Dumping data for table `product_picture`
--

INSERT INTO `product_picture` (`product_picture_id`, `product_picture_name`, `product_detail_id`, `product_picture_position`) VALUES
(1, 'productcolor1_1497707020_BBH1106BA.jpg', 1, 1),
(2, 'productcolor2_1497707020_IMG_8599.jpg', 1, 2),
(3, 'productcolor3_1497707020_quang 2-235 copy.jpg', 1, 3),
(4, 'productcolor4_1497707020_THVU7992.jpg', 1, 4),
(5, '', 1, 5),
(6, '', 1, 6),
(7, 'productcolor1_1497707048_BBH1106YE.jpg', 2, 1),
(8, 'productcolor2_1497707048_IMG_8598.jpg', 2, 2),
(9, 'productcolor3_1497707048_quang 2-225 copy.jpg', 2, 3),
(10, 'productcolor4_1497707048_THVU7995.jpg', 2, 4),
(11, '', 2, 5),
(12, '', 2, 6),
(13, 'productcolor1_1497707073_BBH1106VI.jpg', 3, 1),
(14, 'productcolor2_1497707073_IMG_8601.jpg', 3, 2),
(15, 'productcolor3_1497707073_quang 2-242 copy.jpg', 3, 3),
(16, 'productcolor4_1497707073_THVU7996.jpg', 3, 4),
(17, '', 3, 5),
(18, '', 3, 6),
(19, 'productcolor1_1497591881_BBKT1062YE.jpg', 4, 1),
(20, 'productcolor2_1497591881_IMG_8597.jpg', 4, 2),
(21, 'productcolor3_1497591881_quang 2-231 copy.jpg', 4, 3),
(22, 'productcolor4_1497591881_THVU7979.jpg', 4, 4),
(23, '', 4, 5),
(24, '', 4, 6),
(25, 'productcolor1_1497591898_BBKT1062BA.jpg', 5, 1),
(26, 'productcolor2_1497591898_IMG_8602.jpg', 5, 2),
(27, 'productcolor3_1497591898_quang 2-216 copy.jpg', 5, 3),
(28, 'productcolor4_1497591898_THVU8055.jpg', 5, 4),
(29, '', 5, 5),
(30, '', 5, 6),
(31, 'productcolor1_1497595679_THVU6908.jpg', 6, 1),
(32, 'productcolor2_1497595679_IMG_8604.jpg', 6, 2),
(33, 'productcolor3_1497595679_quang 2-223 copy.jpg', 6, 3),
(34, 'productcolor4_1497595679_THVU8042.jpg', 6, 4),
(35, '', 6, 5),
(36, '', 6, 6),
(37, 'productcolor1_1497595728_THVU6909.jpg', 7, 1),
(38, 'productcolor2_1497532691_quang 2-243 copy.jpg', 7, 2),
(39, 'productcolor3_1497595728_THVU7991.jpg', 7, 3),
(40, 'productcolor4_1497607013_IMG_8709.jpg', 7, 4),
(41, '', 7, 5),
(42, '', 7, 6),
(43, 'productcolor1_1497595758_IMG_8710.jpg', 8, 1),
(44, 'productcolor2_1497532715_quang 2-200 copy.jpg', 8, 2),
(45, 'productcolor3_1497532715_THVU7990.jpg', 8, 3),
(46, '', 8, 4),
(47, '', 8, 5),
(48, '', 8, 6),
(49, 'productcolor1_1497601008_IMG_8960.jpg', 9, 1),
(50, 'productcolor2_1497601008_IMG_8503.jpg', 9, 2),
(51, 'productcolor3_1497532882_THVU7988.jpg', 9, 3),
(52, '', 9, 4),
(53, '', 9, 5),
(54, '', 9, 6),
(55, 'productcolor1_1497595952_BBN1042BA.jpg', 10, 1),
(56, 'productcolor2_1497595952_IMG_8553.jpg', 10, 2),
(57, 'productcolor3_1497595952_quang 2-245 copy.jpg', 10, 3),
(58, 'productcolor4_1497595952_THVU8044.jpg', 10, 4),
(59, '', 10, 5),
(60, '', 10, 6),
(61, 'productcolor1_1497595968_BBN1042NU.jpg', 11, 1),
(62, 'productcolor2_1497595968_IMG_8497.jpg', 11, 2),
(63, 'productcolor3_1497595968_IMG_8959.jpg', 11, 3),
(64, 'productcolor4_1497595968_THVU7981.jpg', 11, 4),
(65, '', 11, 5),
(66, '', 11, 6),
(67, 'productcolor1_1497596061_BBN1067BA.jpg', 12, 1),
(68, 'productcolor2_1497596061_IMG_8507.jpg', 12, 2),
(69, 'productcolor3_1497596061_quang 2-228 copy.jpg', 12, 3),
(70, 'productcolor4_1497596062_THVU8045.jpg', 12, 4),
(71, '', 12, 5),
(72, '', 12, 6),
(73, 'productcolor1_1497596086_BBN1067NU.jpg', 13, 1),
(74, 'productcolor2_1497596086_IMG_8584.jpg', 13, 2),
(75, 'productcolor3_1497596086_quang 2-227 copy.jpg', 13, 3),
(76, 'productcolor4_1497596086_THVU8002.jpg', 13, 4),
(77, '', 13, 5),
(78, '', 13, 6),
(79, 'productcolor1_1497596107_BBN1067GR.jpg', 14, 1),
(80, 'productcolor2_1497596107_IMG_8605.jpg', 14, 2),
(81, 'productcolor3_1497596107_quang 2-217 copy.jpg', 14, 3),
(82, 'productcolor4_1497596107_THVU8035.jpg', 14, 4),
(83, '', 14, 5),
(84, '', 14, 6),
(85, 'productcolor1_1497596230_BBN1068BA-355.jpg', 15, 1),
(86, 'productcolor2_1497371075_BBN1068ba.jpg', 15, 2),
(87, 'productcolor3_1497533371_THVU8037.jpg', 15, 3),
(88, NULL, 15, 4),
(89, '', 15, 5),
(90, '', 15, 6),
(91, 'productcolor1_1497596262_BBN1068GO-355.jpg', 16, 1),
(92, 'productcolor2_1497596262_IMG_8592.jpg', 16, 2),
(93, 'productcolor3_1497596262_BBN1068GO.jpg', 16, 3),
(94, 'productcolor4_1497596262_THVU8029.jpg', 16, 4),
(95, '', 16, 5),
(96, '', 16, 6),
(97, 'productcolor1_1497596294_BBN1068GR-355.jpg', 17, 1),
(98, 'productcolor2_1497533421_IMG_8976.jpg', 17, 2),
(99, 'productcolor3_1497533422_THVU8034.jpg', 17, 3),
(100, NULL, 17, 4),
(101, '', 17, 5),
(102, '', 17, 6),
(103, 'productcolor1_1497596516_IMG_8498.jpg', 18, 1),
(104, 'productcolor2_1497533471_IMG_8958.jpg', 18, 2),
(105, 'productcolor3_1497533471_THVU8043.jpg', 18, 3),
(106, '', 18, 4),
(107, '', 18, 5),
(108, '', 18, 6),
(109, 'productcolor1_1497596532_BBN1100NU.jpg', 19, 1),
(110, 'productcolor2_1497596532_IMG_8501.jpg', 19, 2),
(111, 'productcolor3_1497596532_IMG_8961.jpg', 19, 3),
(112, 'productcolor4_1497596532_THVU7985.jpg', 19, 4),
(113, '', 19, 5),
(114, '', 19, 6),
(115, 'productcolor1_1497596549_bbn1100gr.jpg', 20, 1),
(116, 'productcolor2_1497596549_IMG_8505.jpg', 20, 2),
(117, 'productcolor3_1497596550_IMG_8963.jpg', 20, 3),
(118, 'productcolor4_1497596550_THVU7978.jpg', 20, 4),
(119, '', 20, 5),
(120, '', 20, 6),
(121, 'productcolor1_1497696576_IMG_8600.jpg', 21, 1),
(122, 'productcolor2_1497696576_quang 2-241 copy.jpg', 21, 2),
(123, 'productcolor3_1497696576_THVU8041.jpg', 21, 3),
(124, NULL, 21, 4),
(125, '', 21, 5),
(126, '', 21, 6),
(127, 'productcolor1_1497596646_BBN1111LB.jpg', 22, 1),
(128, 'productcolor2_1497763378_IMG_8705.jpg', 22, 2),
(129, 'productcolor3_1497763378_quang 2-212 copy.jpg', 22, 3),
(130, 'productcolor4_1497763378_THVU7999.jpg', 22, 4),
(131, '', 22, 5),
(132, '', 22, 6),
(133, 'productcolor1_1497596706_BBN1111BA.jpg', 23, 1),
(134, 'productcolor2_1497763398_IMG_8708.jpg', 23, 2),
(135, 'productcolor3_1497763399_quang 2-208 copy.jpg', 23, 3),
(136, 'productcolor4_1497763399_THVU8047.jpg', 23, 4),
(137, '', 23, 5),
(138, '', 23, 6),
(139, 'productcolor1_1497596879_bbn1112YE.jpg', 24, 1),
(140, 'productcolor2_1497596879_IMG_8550.jpg', 24, 2),
(141, 'productcolor3_1497596879_quang 2-248 copy.jpg', 24, 3),
(142, 'productcolor4_1497596879_THVU8025.jpg', 24, 4),
(143, '', 24, 5),
(144, '', 24, 6),
(145, 'productcolor1_1496251841_IMG_8551.jpg', 25, 1),
(146, 'productcolor2_1497534110_quang 2-246 copy.jpg', 25, 2),
(147, 'productcolor3_1497534110_THVU8073.jpg', 25, 3),
(148, '', 25, 4),
(149, '', 25, 5),
(150, '', 25, 6),
(151, 'productcolor1_1497596921_BBN1112GR-2.jpg', 26, 1),
(152, 'productcolor2_1497596921_IMG_8593.jpg', 26, 2),
(153, 'productcolor3_1497596921_quang 2-226 copy.jpg', 26, 3),
(154, 'productcolor4_1497596921_THVU8074-ok.jpg', 26, 4),
(155, '', 26, 5),
(156, '', 26, 6),
(157, 'productcolor1_1497596940_BBN1112BA.jpg', 27, 1),
(158, 'productcolor2_1497596940_IMG_8587.jpg', 27, 2),
(159, 'productcolor3_1497596940_quang 2-229 copy.jpg', 27, 3),
(160, 'productcolor4_1497596940_THVU8119.jpg', 27, 4),
(161, '', 27, 5),
(162, '', 27, 6),
(163, 'productcolor1_1497595627_BBN3031NU.jpg', 28, 1),
(164, 'productcolor2_1497595627_IMG_8585.jpg', 28, 2),
(165, 'productcolor3_1497595627_quang 2-233 copy.jpg', 28, 3),
(166, 'productcolor4_1497595627_THVU7989.jpg', 28, 4),
(167, '', 28, 5),
(168, '', 28, 6),
(169, 'productcolor1_1497595654_BBN3031BA.jpg', 29, 1),
(170, 'productcolor2_1497595654_IMG_8586.jpg', 29, 2),
(171, 'productcolor3_1497595654_quang 2-232 copy.jpg', 29, 3),
(172, 'productcolor4_1497595654_THVU8046.jpg', 29, 4),
(173, '', 29, 5),
(174, '', 29, 6),
(175, 'productcolor1_1497595682_BBN3031GR.jpg', 30, 1),
(176, 'productcolor2_1497595682_IMG_8582.jpg', 30, 2),
(177, 'productcolor3_1497595682_quang 2-244 copy.jpg', 30, 3),
(178, 'productcolor4_1497595682_THVU7980.jpg', 30, 4),
(179, '', 30, 5),
(180, '', 30, 6),
(181, 'productcolor1_1497595778_BBN3032GR.jpg', 31, 1),
(182, 'productcolor2_1497595778_IMG_8594.jpg', 31, 2),
(183, 'productcolor3_1497595778_quang 2-240 copy.jpg', 31, 3),
(184, 'productcolor4_1497595778_THVU7980.jpg', 31, 4),
(185, '', 31, 5),
(186, '', 31, 6),
(187, 'productcolor1_1497598631_BBN3032BA.jpg', 32, 1),
(188, 'productcolor2_1497598631_IMG_8596.jpg', 32, 2),
(189, 'productcolor3_1497598631_quang 2-213 copy.jpg', 32, 3),
(190, 'productcolor4_1497598631_THVU8046.jpg', 32, 4),
(191, '', 32, 5),
(192, '', 32, 6),
(193, 'productcolor1_1497595796_BBN3032NU.jpg', 33, 1),
(194, 'productcolor2_1497595796_IMG_8603.jpg', 33, 2),
(195, 'productcolor3_1497595796_quang 2-224 copy.jpg', 33, 3),
(196, 'productcolor4_1497595796_THVU7989.jpg', 33, 4),
(197, '', 33, 5),
(198, '', 33, 6),
(199, 'productcolor1_1497595852_BBT3033NU.jpg', 34, 1),
(200, 'productcolor2_1497595852_IMG_8595.jpg', 34, 2),
(201, 'productcolor3_1497595852_quang 2-238 copy.jpg', 34, 3),
(202, 'productcolor4_1497595852_THVU7989.jpg', 34, 4),
(203, '', 34, 5),
(204, '', 34, 6),
(205, 'productcolor1_1497595867_BBT3033BA.jpg', 35, 1),
(206, 'productcolor2_1497595867_IMG_8606.jpg', 35, 2),
(207, 'productcolor3_1497595867_quang 2-218 copy.jpg', 35, 3),
(208, 'productcolor4_1497595867_THVU8046.jpg', 35, 4),
(209, '', 35, 5),
(210, '', 35, 6),
(211, 'productcolor1_1497595884_BBT3033GR.jpg', 36, 1),
(212, 'productcolor2_1497595884_IMG_8607.jpg', 36, 2),
(213, 'productcolor3_1497595884_quang 2-220 copy.jpg', 36, 3),
(214, 'productcolor4_1497595884_THVU7980.jpg', 36, 4),
(215, '', 36, 5),
(216, '', 36, 6),
(217, 'productcolor1_1497602119_THVU6757.jpg', 37, 1),
(218, 'productcolor2_1497602119_IMG_8566.jpg', 37, 2),
(219, '', 37, 3),
(220, '', 37, 4),
(221, '', 37, 5),
(222, '', 37, 6),
(223, 'productcolor1_1498280232_IMG_8567.jpg', 38, 1),
(224, 'productcolor2_1498280232_BHN1061NU.jpg', 38, 2),
(225, '', 38, 3),
(226, '', 38, 4),
(227, '', 38, 5),
(228, '', 38, 6),
(229, 'productcolor1_1498280218_THVU6759.jpg', 39, 1),
(230, 'productcolor2_1497602142_IMG_8554.jpg', 39, 2),
(231, 'productcolor3_1498280218_BHN1061GR-38.jpg', 39, 3),
(232, '', 39, 4),
(233, '', 39, 5),
(234, '', 39, 6),
(235, 'productcolor1_1497587585_BHN72007BR.jpg', 40, 1),
(236, 'productcolor2_1497587585_IMG_8531.jpg', 40, 2),
(237, 'productcolor3_1497535528_THVU7962.jpg', 40, 3),
(238, NULL, 40, 4),
(239, '', 40, 5),
(240, '', 40, 6),
(241, 'productcolor1_1497587612_BHN72007BA-395.jpg', 41, 1),
(242, 'productcolor2_1497587613_IMG_8533.jpg', 41, 2),
(243, 'productcolor3_1497587613_BHN72007BA-LOI.jpg', 41, 3),
(244, NULL, 41, 4),
(245, '', 41, 5),
(246, '', 41, 6),
(247, 'productcolor1_1497587691_BHN72007NU.jpg', 42, 1),
(248, 'productcolor2_1497535558_BHN72007NU (2).jpg', 42, 2),
(249, 'productcolor3_1497535559_THVU7965.jpg', 42, 3),
(250, NULL, 42, 4),
(251, '', 42, 5),
(252, '', 42, 6),
(253, 'productcolor1_1497599390_BNH51069BA-425.jpg', 43, 1),
(254, 'productcolor2_1497599390_BNH51069BA-425 (2).jpg', 43, 2),
(255, 'productcolor3_1497602729_IMG_8951.jpg', 43, 3),
(256, 'productcolor4_1497602729_THVU8188.jpg', 43, 4),
(257, '', 43, 5),
(258, '', 43, 6),
(259, 'productcolor1_1497599405_BNH51069NA-425.jpg', 44, 1),
(260, 'productcolor2_1497599405_BNH51069BU-425.jpg', 44, 2),
(261, 'productcolor3_1497602766_IMG_8904 copy.jpg', 44, 3),
(262, 'productcolor4_1497602766_THVU8116.jpg', 44, 4),
(263, '', 44, 5),
(264, '', 44, 6),
(265, 'productcolor1_1497600617_BNH51069NU-425.jpg', 45, 1),
(266, 'productcolor2_1497602808_BNH51069NU-425 (2).jpg', 45, 2),
(267, 'productcolor3_1497602809_IMG_8903 copy.jpg', 45, 3),
(268, NULL, 45, 4),
(269, '', 45, 5),
(270, '', 45, 6),
(271, 'productcolor1_1497602839_BNH51069RE-425.jpg', 46, 1),
(272, 'productcolor2_1497602840_BNH51069RE-425 (2).jpg', 46, 2),
(273, 'productcolor3_1497602840_IMG_8948.jpg', 46, 3),
(274, 'productcolor4_1497602841_THVU8141.jpg', 46, 4),
(275, '', 46, 5),
(276, '', 46, 6),
(277, 'productcolor1_1497588568_bnh52009nu.jpg', 47, 1),
(278, 'productcolor2_1497588568_IMG_8519.jpg', 47, 2),
(279, 'productcolor3_1497588568_BNH52009NU (2).jpg', 47, 3),
(280, 'productcolor4_1497588568_THVU7943.jpg', 47, 4),
(281, '', 47, 5),
(282, '', 47, 6),
(283, 'productcolor1_1497588651_BNH52009BA.jpg', 48, 1),
(284, 'productcolor2_1497588651_IMG_8556.jpg', 48, 2),
(285, 'productcolor3_1497535976_THVU8129.jpg', 48, 3),
(286, NULL, 48, 4),
(287, '', 48, 5),
(288, '', 48, 6),
(289, 'productcolor1_1497588673_BNH52009GR.jpg', 49, 1),
(290, 'productcolor2_1497588673_IMG_8543.jpg', 49, 2),
(291, 'productcolor3_1497588673_BNH52009GR (2).jpg', 49, 3),
(292, 'productcolor4_1497588673_THVU7944.jpg', 49, 4),
(293, '', 49, 5),
(294, '', 49, 6),
(295, 'productcolor1_1497706203_BNH71102YE.jpg', 50, 1),
(296, 'productcolor2_1497706203_IMG_8528.jpg', 50, 2),
(297, 'productcolor3_1497706203_BNH71102YE (2).jpg', 50, 3),
(298, 'productcolor4_1497706203_THVU7884.jpg', 50, 4),
(299, '', 50, 5),
(300, '', 50, 6),
(301, 'productcolor1_1497706258_BNH71102BA.jpg', 51, 1),
(302, 'productcolor2_1497706258_IMG_8535.jpg', 51, 2),
(303, 'productcolor3_1497706258_BNH71102BA (2).jpg', 51, 3),
(304, 'productcolor4_1497706258_THVU7881.jpg', 51, 4),
(305, '', 51, 5),
(306, '', 51, 6),
(307, 'productcolor1_1497706057_BNH71102VI.jpg', 52, 1),
(308, 'productcolor2_1497706057_IMG_8530.jpg', 52, 2),
(309, 'productcolor3_1497706057_BNH71102VI (2).jpg', 52, 3),
(310, 'productcolor4_1497706057_THVU7873.jpg', 52, 4),
(311, '', 52, 5),
(312, '', 52, 6),
(313, 'productcolor1_1497599982_THVU6721.jpg', 53, 1),
(314, 'productcolor2_1497586505_IMG_8537.jpg', 53, 2),
(315, 'productcolor3_1497599982_BNH72004YE.jpg', 53, 3),
(316, 'productcolor4_1497599982_THVU7883.jpg', 53, 4),
(317, '', 53, 5),
(318, '', 53, 6),
(319, 'productcolor1_1497600006_THVU6719.jpg', 54, 1),
(320, 'productcolor2_1497586516_IMG_8538.jpg', 54, 2),
(321, 'productcolor3_1497600006_BNH72004BA.jpg', 54, 3),
(322, 'productcolor4_1497600006_THVU7880.jpg', 54, 4),
(323, '', 54, 5),
(324, '', 54, 6),
(325, 'productcolor1_1497603696_THVU6750.jpg', 55, 1),
(326, 'productcolor2_1497603696_IMG_8609.jpg', 55, 2),
(327, 'productcolor3_1497603696_BNKT1079YE.jpg', 55, 3),
(328, 'productcolor4_1497603696_THVU7968.jpg', 55, 4),
(329, '', 55, 5),
(330, '', 55, 6),
(331, 'productcolor1_1497603718_THVU6754.jpg', 56, 1),
(332, 'productcolor2_1497603718_IMG_8608.jpg', 56, 2),
(333, 'productcolor3_1497603718_BNKT1079BA.jpg', 56, 3),
(334, 'productcolor4_1497603718_THVU7969.jpg', 56, 4),
(335, '', 56, 5),
(336, '', 56, 6),
(337, 'productcolor1_1497603736_THVU6738.jpg', 57, 1),
(338, 'productcolor2_1497603736_IMG_8610.jpg', 57, 2),
(339, 'productcolor3_1497603736_BNKT1079GR.jpg', 57, 3),
(340, 'productcolor4_1497603736_THVU7976.jpg', 57, 4),
(341, '', 57, 5),
(342, '', 57, 6),
(349, 'productcolor1_1497596731_BBN1111GR.jpg', 59, 1),
(350, 'productcolor2_1497763413_IMG_8702.jpg', 59, 2),
(351, 'productcolor3_1497763413_quang 2-211 copy.jpg', 59, 3),
(352, 'productcolor4_1497763413_THVU8039.jpg', 59, 4),
(353, '', 59, 5),
(354, '', 59, 6),
(355, 'productcolor1_1497586155_THVU7352 copy.jpg', 60, 1),
(356, 'productcolor2_1497586155_SDX2001BA-415.jpg', 60, 2),
(357, 'productcolor3_1497693408_THVU8291.jpg', 60, 3),
(358, '', 60, 4),
(359, '', 60, 5),
(360, '', 60, 6),
(361, 'productcolor1_1497586181_THVU7353 copy.jpg', 61, 1),
(362, 'productcolor2_1497586181_SDX2001RE-415 (2).jpg', 61, 2),
(363, 'productcolor3_1498228928_THVU8294.jpg', 61, 3),
(364, 'productcolor4_1498228928_SDX2001RE-415 (2).jpg', 61, 4),
(365, '', 61, 5),
(366, '', 61, 6),
(367, 'productcolor1_1497586193_THVU7356 copy.jpg', 62, 1),
(368, 'productcolor2_1497586193_SDX2001NU-415.jpg', 62, 2),
(369, 'productcolor3_1497693425_THVU8292.jpg', 62, 3),
(370, '', 62, 4),
(371, '', 62, 5),
(372, '', 62, 6),
(373, 'productcolor1_1497586253_THVU7492.jpg', 63, 1),
(374, 'productcolor2_1497586253_IMG_9010.jpg', 63, 2),
(375, 'productcolor3_1497693083_THVU8296.jpg', 63, 3),
(376, NULL, 63, 4),
(377, '', 63, 5),
(378, '', 63, 6),
(379, 'productcolor1_1497586262_THVU7494.jpg', 64, 1),
(380, 'productcolor2_1497586262_THVU7834.jpg', 64, 2),
(381, '', 64, 3),
(382, NULL, 64, 4),
(383, '', 64, 5),
(384, '', 64, 6),
(385, 'productcolor1_1498229532_SDK2001NU-415.jpg', 65, 1),
(386, 'productcolor2_1498229532_THVU7829.jpg', 65, 2),
(387, 'productcolor3_1498229533_THVU8289.jpg', 65, 3),
(388, NULL, 65, 4),
(389, '', 65, 5),
(390, '', 65, 6),
(391, 'productcolor1_1497586377_THVU7558.jpg', 66, 1),
(392, 'productcolor2_1497586377_THVU7838.jpg', 66, 2),
(393, '', 66, 3),
(394, NULL, 66, 4),
(395, '', 66, 5),
(396, '', 66, 6),
(397, 'productcolor1_1497586395_THVU7552.jpg', 67, 1),
(398, 'productcolor2_1497586395_THVU7837.jpg', 67, 2),
(399, '', 67, 3),
(400, NULL, 67, 4),
(401, '', 67, 5),
(402, '', 67, 6),
(403, 'productcolor1_1497586423_THVU7569.jpg', 68, 1),
(404, '', 68, 2),
(405, '', 68, 3),
(406, NULL, 68, 4),
(407, '', 68, 5),
(408, '', 68, 6),
(409, 'productcolor1_1497586683_BHN72005BA-395.jpg', 69, 1),
(410, 'productcolor2_1497586683_BHN72005BAB-395.jpg', 69, 2),
(411, 'productcolor3_1497586683_BHN72005BA.jpg', 69, 3),
(412, NULL, 69, 4),
(413, '', 69, 5),
(414, '', 69, 6),
(415, 'productcolor1_1497586735_BHN72005NU-395.jpg', 70, 1),
(416, 'productcolor2_1497586735_BHN72005NU-1 (2).jpg', 70, 2),
(417, 'productcolor3_1497586735_BHN72005NU-1.jpg', 70, 3),
(418, 'productcolor4_1498230732_BNH72005NU-395 (2).jpg', 70, 4),
(419, NULL, 70, 5),
(420, '', 70, 6),
(421, 'productcolor1_1497600079_THVU6715.jpg', 71, 1),
(422, 'productcolor2_1497587997_IMG_8512.jpg', 71, 2),
(423, 'productcolor3_1497600079_BNN52006BA-SUA LÓT TRONG CHIẾC PHẢI.jpg', 71, 3),
(424, 'productcolor4_1497600079_THVU8172.jpg', 71, 4),
(425, '', 71, 5),
(426, '', 71, 6),
(427, 'productcolor1_1498231620_THVU6716.jpg', 72, 1),
(428, 'productcolor2_1498231620_BNN52006GR- SỬA LÓT TRONG.jpg', 72, 2),
(429, 'productcolor3_1498231620_THVU7959.jpg', 72, 3),
(430, NULL, 72, 4),
(431, '', 72, 5),
(432, '', 72, 6),
(433, 'productcolor1_1498231144_THVU6711.jpg', 73, 1),
(434, 'productcolor2_1497588025_IMG_8514.jpg', 73, 2),
(435, 'productcolor3_1498231144_BNN52006BR-SUA LÓT TRONG.jpg', 73, 3),
(436, 'productcolor4_1498231144_THVU7887.jpg', 73, 4),
(437, '', 73, 5),
(438, '', 73, 6),
(439, 'productcolor1_1497600147_THVU6718.jpg', 74, 1),
(440, 'productcolor2_1497587197_IMG_8511.jpg', 74, 2),
(441, 'productcolor3_1497600147_IMG_8819 copy.jpg', 74, 3),
(442, 'productcolor4_1497600147_THVU7870.jpg', 74, 4),
(443, '', 74, 5),
(444, '', 74, 6),
(445, 'productcolor1_1496337175_IMG_8531.jpg', 75, 1),
(446, '', 75, 2),
(447, '', 75, 3),
(448, '', 75, 4),
(449, '', 75, 5),
(450, '', 75, 6),
(451, 'productcolor1_1496337195_IMG_8533.jpg', 76, 1),
(452, '', 76, 2),
(453, '', 76, 3),
(454, '', 76, 4),
(455, '', 76, 5),
(456, '', 76, 6),
(457, '', 77, 1),
(458, '', 77, 2),
(459, '', 77, 3),
(460, '', 77, 4),
(461, '', 77, 5),
(462, '', 77, 6),
(463, 'productcolor1_1497587825_THVU7524.jpg', 78, 1),
(464, '', 78, 2),
(465, '', 78, 3),
(466, NULL, 78, 4),
(467, '', 78, 5),
(468, '', 78, 6),
(469, 'productcolor1_1497587844_THVU7521.jpg', 79, 1),
(470, 'productcolor2_1497693685_THVU8298.jpg', 79, 2),
(471, '', 79, 3),
(472, NULL, 79, 4),
(473, '', 79, 5),
(474, '', 79, 6),
(475, 'productcolor1_1497587858_THVU7523.jpg', 80, 1),
(476, 'productcolor2_1498232585_THVU8300.jpg', 80, 2),
(477, 'productcolor3_1498232585_SDN2008NU-2 (2).jpg', 80, 3),
(478, NULL, 80, 4),
(479, NULL, 80, 5),
(480, '', 80, 6),
(481, 'productcolor1_1497588742_THVU7474.jpg', 81, 1),
(482, 'productcolor2_1497588742_THVU7773.jpg', 81, 2),
(483, 'productcolor3_1497693826_THVU8305.jpg', 81, 3),
(484, NULL, 81, 4),
(485, '', 81, 5),
(486, '', 81, 6),
(487, 'productcolor1_1497588755_THVU7472.jpg', 82, 1),
(488, 'productcolor2_1497588755_THVU7772.jpg', 82, 2),
(489, 'productcolor3_1497693832_THVU8302.jpg', 82, 3),
(490, NULL, 82, 4),
(491, '', 82, 5),
(492, '', 82, 6),
(493, 'productcolor1_1497588814_SDT2011BA-405.jpg', 83, 1),
(494, 'productcolor2_1497588814_SDT2011BA-405-2.jpg', 83, 2),
(495, 'productcolor3_1497693858_THVU8308.jpg', 83, 3),
(496, NULL, 83, 4),
(497, '', 83, 5),
(498, '', 83, 6),
(499, 'productcolor1_1498797200_465A7569.jpg', 84, 1),
(500, 'productcolor2_1498233236_THVU8306.jpg', 84, 2),
(501, NULL, 84, 3),
(502, '', 84, 4),
(503, '', 84, 5),
(504, '', 84, 6),
(505, 'productcolor1_1498797248_SDT1012BA-390.jpg', 85, 1),
(506, 'productcolor2_1497588942_THVU7784.jpg', 85, 2),
(507, NULL, 85, 3),
(508, NULL, 85, 4),
(509, '', 85, 5),
(510, '', 85, 6),
(511, 'productcolor1_1498797255_SDT1012GR-390.jpg', 86, 1),
(512, 'productcolor2_1497588951_THVU7782.jpg', 86, 2),
(513, NULL, 86, 3),
(514, NULL, 86, 4),
(515, '', 86, 5),
(516, '', 86, 6),
(517, 'productcolor1_1498797262_SDT1012NU-390.jpg', 87, 1),
(518, 'productcolor2_1497588962_THVU7781.jpg', 87, 2),
(519, NULL, 87, 3),
(520, NULL, 87, 4),
(521, '', 87, 5),
(522, '', 87, 6),
(523, 'productcolor1_1496337753_IMG_8695.jpg', 88, 1),
(524, 'productcolor2_1497693986_THVU8311.jpg', 88, 2),
(525, '', 88, 3),
(526, '', 88, 4),
(527, '', 88, 5),
(528, '', 88, 6),
(529, 'productcolor1_1496337772_IMG_8685.jpg', 89, 1),
(530, 'productcolor2_1497693992_THVU8312.jpg', 89, 2),
(531, '', 89, 3),
(532, '', 89, 4),
(533, '', 89, 5),
(534, '', 89, 6),
(535, 'productcolor1_1496337816_IMG_8694.jpg', 90, 1),
(536, 'productcolor2_1497694003_THVU8313.jpg', 90, 2),
(537, '', 90, 3),
(538, '', 90, 4),
(539, '', 90, 5),
(540, '', 90, 6),
(541, 'productcolor1_1497589113_IMG_8984.jpg', 91, 1),
(542, 'productcolor2_1497589113_IMG_8670.jpg', 91, 2),
(543, 'productcolor3_1498233919_GK1014YE-390 (2).jpg', 91, 3),
(544, NULL, 91, 4),
(545, NULL, 91, 5),
(546, '', 91, 6),
(547, 'productcolor1_1498233935_IMG_8987.jpg', 92, 1),
(548, 'productcolor2_1497589122_IMG_8674.jpg', 92, 2),
(549, '', 92, 3),
(550, '', 92, 4),
(551, '', 92, 5),
(552, '', 92, 6),
(553, 'productcolor1_1497589129_IMG_8985.jpg', 93, 1),
(554, 'productcolor2_1497589129_IMG_8668.jpg', 93, 2),
(555, '', 93, 3),
(556, '', 93, 4),
(557, '', 93, 5),
(558, '', 93, 6),
(559, 'productcolor1_1497589190_BNV51015SI-410.jpg', 94, 1),
(560, 'productcolor2_1497589190_IMG_8590.jpg', 94, 2),
(561, 'productcolor3_1497589190_BNV51015SI.jpg', 94, 3),
(562, 'productcolor4_1497589191_THVU7972.jpg', 94, 4),
(563, '', 94, 5),
(564, '', 94, 6),
(565, 'productcolor1_1497589318_BNV51015BA-410.jpg', 95, 1),
(566, NULL, 95, 2),
(567, '', 95, 3),
(568, NULL, 95, 4),
(569, '', 95, 5),
(570, '', 95, 6),
(571, 'productcolor1_1498797476_465A7267.jpg', 96, 1),
(572, '', 96, 2),
(573, '', 96, 3),
(574, '', 96, 4),
(575, '', 96, 5),
(576, '', 96, 6),
(577, 'productcolor1_1498797522_465A7265.jpg', 97, 1),
(578, '', 97, 2),
(579, '', 97, 3),
(580, '', 97, 4),
(581, '', 97, 5),
(582, '', 97, 6),
(583, 'productcolor1_1498797513_465A7263.jpg', 98, 1),
(584, '', 98, 2),
(585, '', 98, 3),
(586, '', 98, 4),
(587, '', 98, 5),
(588, '', 98, 6),
(589, 'productcolor1_1498797564_465A7520.jpg', 99, 1),
(590, 'productcolor2_1498235272_SDT1018BA-445.jpg', 99, 2),
(591, '', 99, 3),
(592, '', 99, 4),
(593, '', 99, 5),
(594, '', 99, 6),
(595, 'productcolor1_1498797571_465A7518.jpg', 100, 1),
(596, 'productcolor2_1498718642_SDT1018GO-445.jpg', 100, 2),
(597, '', 100, 3),
(598, '', 100, 4),
(599, '', 100, 5),
(600, '', 100, 6),
(601, 'productcolor1_1498797579_465A7516.jpg', 101, 1),
(602, 'productcolor2_1498235343_SDT1018SI-445.jpg', 101, 2),
(603, '', 101, 3),
(604, '', 101, 4),
(605, '', 101, 5),
(606, '', 101, 6),
(607, 'productcolor1_1498797614_465A7419.jpg', 102, 1),
(608, 'productcolor2_1498235751_THVU8618.jpg', 102, 2),
(609, '', 102, 3),
(610, '', 102, 4),
(611, '', 102, 5),
(612, '', 102, 6),
(613, 'productcolor1_1498797620_465A7510.jpg', 103, 1),
(614, 'productcolor2_1498235764_THVU8621.jpg', 103, 2),
(615, '', 103, 3),
(616, '', 103, 4),
(617, '', 103, 5),
(618, '', 103, 6),
(619, 'productcolor1_1498797627_465A7359.jpg', 104, 1),
(620, '', 104, 2),
(621, '', 104, 3),
(622, '', 104, 4),
(623, '', 104, 5),
(624, '', 104, 6),
(625, 'productcolor1_1498797802_465A7595.jpg', 105, 1),
(626, 'productcolor2_1498236166_THVU8319.jpg', 105, 2),
(627, 'productcolor3_1498236167_SDH1020WH-435 (2).jpg', 105, 3),
(628, NULL, 105, 4),
(629, NULL, 105, 5),
(630, '', 105, 6),
(631, 'productcolor1_1498797811_465A7506.jpg', 106, 1),
(632, 'productcolor2_1498236194_THVU8317.jpg', 106, 2),
(633, '', 106, 3),
(634, '', 106, 4),
(635, '', 106, 5),
(636, '', 106, 6),
(637, 'productcolor1_1498797817_465A7554.jpg', 107, 1),
(638, 'productcolor2_1498236217_THVU8314.jpg', 107, 2),
(639, '', 107, 3),
(640, '', 107, 4),
(641, '', 107, 5),
(642, '', 107, 6),
(643, 'productcolor1_1497590049_SDT1021BR-445.jpg', 108, 1),
(644, 'productcolor2_1497590049_THVU7807.jpg', 108, 2),
(645, 'productcolor3_1497694938_THVU8357.jpg', 108, 3),
(646, '', 108, 4),
(647, '', 108, 5),
(648, '', 108, 6),
(649, 'productcolor1_1497590062_SDT1021BA-445.jpg', 109, 1),
(650, 'productcolor2_1497590062_THVU7808.jpg', 109, 2),
(651, 'productcolor3_1497694945_THVU8359.jpg', 109, 3),
(652, '', 109, 4),
(653, '', 109, 5),
(654, '', 109, 6),
(655, 'productcolor1_1497590073_SDT1021NU-445.jpg', 110, 1),
(656, 'productcolor2_1497590074_THVU7804.jpg', 110, 2),
(657, 'productcolor3_1497694951_THVU8354.jpg', 110, 3),
(658, '', 110, 4),
(659, '', 110, 5),
(660, '', 110, 6),
(661, '', 111, 1),
(662, '', 111, 2),
(663, '', 111, 3),
(664, '', 111, 4),
(665, '', 111, 5),
(666, '', 111, 6),
(667, '', 112, 1),
(668, '', 112, 2),
(669, '', 112, 3),
(670, '', 112, 4),
(671, '', 112, 5),
(672, '', 112, 6),
(673, '', 113, 1),
(674, '', 113, 2),
(675, '', 113, 3),
(676, '', 113, 4),
(677, '', 113, 5),
(678, '', 113, 6),
(679, 'productcolor1_1498678858_465A7611.jpg', 114, 1),
(680, '', 114, 2),
(681, '', 114, 3),
(682, '', 114, 4),
(683, '', 114, 5),
(684, '', 114, 6),
(685, '', 115, 1),
(686, '', 115, 2),
(687, '', 115, 3),
(688, '', 115, 4),
(689, '', 115, 5),
(690, '', 115, 6),
(691, 'productcolor1_1498678879_465A7627.jpg', 116, 1),
(692, '', 116, 2),
(693, '', 116, 3),
(694, '', 116, 4),
(695, '', 116, 5),
(696, '', 116, 6),
(697, 'productcolor1_1498678603_465A7624.jpg', 117, 1),
(698, '', 117, 2),
(699, '', 117, 3),
(700, '', 117, 4),
(701, '', 117, 5),
(702, '', 117, 6),
(703, 'productcolor1_1498678654_465A7600.jpg', 118, 1),
(704, '', 118, 2),
(705, '', 118, 3),
(706, '', 118, 4),
(707, '', 118, 5),
(708, '', 118, 6),
(709, 'productcolor1_1498678664_465A7602.jpg', 119, 1),
(710, '', 119, 2),
(711, '', 119, 3),
(712, '', 119, 4),
(713, '', 119, 5),
(714, '', 119, 6),
(715, 'productcolor1_1498678434_465A7555.jpg', 120, 1),
(716, '', 120, 2),
(717, '', 120, 3),
(718, '', 120, 4),
(719, '', 120, 5),
(720, '', 120, 6),
(721, '', 121, 1),
(722, '', 121, 2),
(723, '', 121, 3),
(724, '', 121, 4),
(725, '', 121, 5),
(726, '', 121, 6),
(727, 'productcolor1_1504066024_IMG_9614.jpg', 122, 1),
(728, '', 122, 2),
(729, '', 122, 3),
(730, '', 122, 4),
(731, '', 122, 5),
(732, '', 122, 6),
(733, 'productcolor1_1498677998_465A7345.jpg', 123, 1),
(734, 'productcolor2_1498678025_THVU8717.jpg', 123, 2),
(735, 'productcolor3_1498678025_BBK2164BA-395.jpg', 123, 3),
(736, '', 123, 4),
(737, NULL, 123, 5),
(738, '', 123, 6),
(739, 'productcolor1_1498678011_465A7296.jpg', 124, 1),
(740, 'productcolor2_1498678011_THVU8723.jpg', 124, 2),
(741, '', 124, 3),
(742, '', 124, 4),
(743, '', 124, 5),
(744, '', 124, 6),
(745, '', 125, 1),
(746, '', 125, 2),
(747, '', 125, 3),
(748, '', 125, 4),
(749, '', 125, 5),
(750, '', 125, 6),
(751, '', 126, 1),
(752, '', 126, 2),
(753, '', 126, 3),
(754, '', 126, 4),
(755, '', 126, 5),
(756, '', 126, 6),
(757, 'productcolor1_1497694523_THVU8720.jpg', 127, 1),
(758, '', 127, 2),
(759, '', 127, 3),
(760, '', 127, 4),
(761, '', 127, 5),
(762, '', 127, 6),
(763, 'productcolor1_1498797963_465A7507.jpg', 128, 1),
(764, 'productcolor2_1498797963_THVU8742.jpg', 128, 2),
(765, '', 128, 3),
(766, '', 128, 4),
(767, '', 128, 5),
(768, '', 128, 6),
(769, 'productcolor1_1498797974_465A7508.jpg', 129, 1),
(770, 'productcolor2_1498797974_THVU8740.jpg', 129, 2),
(771, '', 129, 3),
(772, '', 129, 4),
(773, '', 129, 5),
(774, '', 129, 6),
(775, 'productcolor1_1498797987_465A7509.jpg', 130, 1),
(776, 'productcolor2_1498797987_THVU8614.jpg', 130, 2),
(777, '', 130, 3),
(778, '', 130, 4),
(779, '', 130, 5),
(780, '', 130, 6),
(781, 'productcolor1_1497590190_BNT91023BA.jpg', 131, 1),
(782, 'productcolor2_1497590190_IMG_8561.jpg', 131, 2),
(783, 'productcolor3_1497591061_BNT91023BA-CHINH LÓT TRONG CHIEC PHAI.jpg', 131, 3),
(784, 'productcolor4_1497590190_THVU7966.jpg', 131, 4),
(785, '', 131, 5),
(786, '', 131, 6),
(787, 'productcolor1_1497590209_BNT91023SI.jpg', 132, 1),
(788, 'productcolor2_1497545923_BNT91023SI (2).jpg', 132, 2),
(789, 'productcolor3_1497545923_THVU8147.jpg', 132, 3),
(790, NULL, 132, 4),
(791, '', 132, 5),
(792, '', 132, 6),
(793, 'productcolor1_1498237122_IMG_8560.jpg', 133, 1),
(794, 'productcolor2_1498237122_BNT91023PI.jpg', 133, 2),
(795, 'productcolor3_1497590240_THVU7931.jpg', 133, 3),
(796, '', 133, 4),
(797, '', 133, 5),
(798, '', 133, 6),
(799, 'productcolor1_1497590266_BNT91023BR.jpg', 134, 1),
(800, 'productcolor2_1497590266_IMG_8494.jpg', 134, 2),
(801, 'productcolor3_1497590266_BNT91023BR (2).jpg', 134, 3),
(802, '', 134, 4),
(803, '', 134, 5),
(804, '', 134, 6),
(805, 'productcolor1_1497591196_THVU7355.jpg', 135, 1),
(806, 'productcolor2_1497591196_SDX1024BA-415-3.jpg', 135, 2),
(807, 'productcolor3_1497695301_THVU8360.jpg', 135, 3),
(808, NULL, 135, 4),
(809, '', 135, 5),
(810, '', 135, 6),
(811, 'productcolor1_1497591205_SDX1024NU-415.jpg', 136, 1),
(812, 'productcolor2_1497591205_SDX1024NU-415-2.jpg', 136, 2),
(813, 'productcolor3_1497695308_THVU8363.jpg', 136, 3),
(814, NULL, 136, 4),
(815, '', 136, 5),
(816, '', 136, 6),
(817, 'productcolor1_1497591281_THVU7476.jpg', 137, 1),
(818, 'productcolor2_1497591281_SDX1025BA-415.jpg', 137, 2),
(819, 'productcolor3_1497695331_THVU8372.jpg', 137, 3),
(820, NULL, 137, 4),
(821, '', 137, 5),
(822, '', 137, 6),
(823, 'productcolor1_1497247074_SDX1025GR-415.jpg', 138, 1),
(824, '', 138, 2),
(825, '', 138, 3),
(826, '', 138, 4),
(827, '', 138, 5),
(828, '', 138, 6),
(829, 'productcolor1_1497591314_THVU7488.jpg', 139, 1),
(830, 'productcolor2_1497591314_IMG_9011.jpg', 139, 2),
(831, 'productcolor3_1497695338_THVU8370.jpg', 139, 3),
(832, NULL, 139, 4),
(833, '', 139, 5),
(834, '', 139, 6),
(835, 'productcolor1_1498798070_465A7375.jpg', 140, 1),
(836, '', 140, 2),
(837, '', 140, 3),
(838, '', 140, 4),
(839, '', 140, 5),
(840, '', 140, 6),
(841, NULL, 141, 1),
(842, '', 141, 2),
(843, '', 141, 3),
(844, '', 141, 4),
(845, '', 141, 5),
(846, '', 141, 6),
(847, 'productcolor1_1498798095_465A7315.jpg', 142, 1),
(848, '', 142, 2),
(849, '', 142, 3),
(850, '', 142, 4),
(851, '', 142, 5),
(852, '', 142, 6),
(853, '', 143, 1),
(854, '', 143, 2),
(855, '', 143, 3),
(856, '', 143, 4),
(857, '', 143, 5),
(858, '', 143, 6),
(859, 'productcolor1_1498798107_465A7380.jpg', 144, 1),
(860, '', 144, 2),
(861, '', 144, 3),
(862, '', 144, 4),
(863, '', 144, 5),
(864, '', 144, 6),
(865, 'productcolor1_1498798155_465A7489.jpg', 145, 1),
(866, 'productcolor2_1498238227_THVU8606.jpg', 145, 2),
(867, '', 145, 3),
(868, '', 145, 4),
(869, '', 145, 5),
(870, '', 145, 6),
(871, 'productcolor1_1498798161_465A7490.jpg', 146, 1),
(872, 'productcolor2_1498238241_THVU8604.jpg', 146, 2),
(873, '', 146, 3),
(874, '', 146, 4),
(875, '', 146, 5),
(876, '', 146, 6),
(877, 'productcolor1_1498798174_465A7488.jpg', 147, 1),
(878, 'productcolor2_1498238370_THVU8605.jpg', 147, 2),
(879, '', 147, 3),
(880, '', 147, 4),
(881, '', 147, 5),
(882, '', 147, 6),
(883, 'productcolor1_1498798238_BNN71028BA.jpg', 148, 1),
(884, 'productcolor2_1497591967_BNN71028BA-435.jpg', 148, 2),
(885, 'productcolor3_1498240603_BNN71028BA.jpg', 148, 3),
(886, 'productcolor4_1498240603_THVU8123-BA.jpg', 148, 4),
(887, '', 148, 5),
(888, '', 148, 6),
(889, 'productcolor1_1498798266_BNN71028NU.jpg', 149, 1),
(890, 'productcolor2_1498798266_BNN71028NU (2).jpg', 149, 2),
(891, 'productcolor3_1498798266_BNN71028CO-435-2.jpg', 149, 3),
(892, 'productcolor4_1498798266_THVU8142-CO.jpg', 149, 4),
(893, '', 149, 5),
(894, '', 149, 6),
(895, 'productcolor1_1497592025_BNN71028GR.jpg', 150, 1),
(896, 'productcolor2_1497592025_BNN71028GR-435.jpg', 150, 2),
(897, 'productcolor3_1497592025_BNN71028GR (2).jpg', 150, 3),
(898, 'productcolor4_1497592025_THVU8135-GR.jpg', 150, 4),
(899, '', 150, 5),
(900, '', 150, 6),
(901, 'productcolor1_1498798420_BNN71028NU-435.jpg', 151, 1),
(902, NULL, 151, 2),
(903, NULL, 151, 3),
(904, NULL, 151, 4),
(905, NULL, 151, 5),
(906, '', 151, 6),
(907, 'productcolor1_1498798562_465A7316.jpg', 152, 1),
(908, 'productcolor2_1498271543_THVU8654.jpg', 152, 2),
(909, 'productcolor3_1498271543_BNP71029NU-415.jpg', 152, 3),
(910, NULL, 152, 4),
(911, NULL, 152, 5),
(912, '', 152, 6),
(913, 'productcolor1_1498798578_465A7274.jpg', 153, 1),
(914, 'productcolor2_1498271561_THVU8656.jpg', 153, 2),
(915, 'productcolor3_1498271699_LIN_6180.jpg', 153, 3),
(916, '', 153, 4),
(917, '', 153, 5),
(918, '', 153, 6),
(919, 'productcolor1_1498798624_465A7426.jpg', 154, 1),
(920, 'productcolor2_1498272011_THVU8585.jpg', 154, 2),
(921, '', 154, 3),
(922, '', 154, 4),
(923, '', 154, 5),
(924, '', 154, 6),
(925, 'productcolor1_1498798632_465A7429.jpg', 155, 1),
(926, 'productcolor2_1498272031_THVU8586.jpg', 155, 2),
(927, '', 155, 3),
(928, '', 155, 4),
(929, '', 155, 5),
(930, '', 155, 6),
(931, 'productcolor1_1498798699_465A7445.jpg', 156, 1),
(932, 'productcolor2_1498272759_THVU8800.jpg', 156, 2),
(933, '', 156, 3),
(934, '', 156, 4),
(935, '', 156, 5),
(936, '', 156, 6),
(937, 'productcolor1_1498798706_465A7431.jpg', 157, 1),
(938, 'productcolor2_1497696345_THVU8823.jpg', 157, 2),
(939, 'productcolor3_1498272782_BNK2034NU-435 (2).jpg', 157, 3),
(940, NULL, 157, 4),
(941, NULL, 157, 5),
(942, '', 157, 6),
(943, 'productcolor1_1498798712_465A7342.jpg', 158, 1),
(944, 'productcolor2_1498272794_THVU8798.jpg', 158, 2),
(945, '', 158, 3),
(946, '', 158, 4),
(947, '', 158, 5),
(948, '', 158, 6),
(949, 'productcolor1_1498798758_465A7461.jpg', 159, 1),
(950, '', 159, 2),
(951, '', 159, 3),
(952, '', 159, 4),
(953, '', 159, 5),
(954, '', 159, 6),
(955, 'productcolor1_1498798768_465A7278.jpg', 160, 1),
(956, 'productcolor2_1498273225_BNK2035NU-455.jpg', 160, 2),
(957, '', 160, 3),
(958, NULL, 160, 4),
(959, NULL, 160, 5),
(960, '', 160, 6),
(961, 'productcolor1_1498798776_465A7449.jpg', 161, 1),
(962, '', 161, 2),
(963, '', 161, 3),
(964, '', 161, 4),
(965, '', 161, 5),
(966, '', 161, 6),
(967, '', 162, 1),
(968, '', 162, 2),
(969, '', 162, 3),
(970, '', 162, 4),
(971, '', 162, 5),
(972, '', 162, 6),
(973, 'productcolor1_1498798816_465A7303.jpg', 163, 1),
(974, '', 163, 2),
(975, '', 163, 3),
(976, '', 163, 4),
(977, '', 163, 5),
(978, '', 163, 6),
(979, 'productcolor1_1498798864_465A7541.jpg', 164, 1),
(980, 'productcolor2_1498273444_THVU8377.jpg', 164, 2),
(981, '', 164, 3),
(982, '', 164, 4),
(983, '', 164, 5),
(984, '', 164, 6),
(985, 'productcolor1_1498798870_465A7544.jpg', 165, 1),
(986, 'productcolor2_1498273461_THVU8378.jpg', 165, 2),
(987, '', 165, 3),
(988, '', 165, 4),
(989, '', 165, 5),
(990, '', 165, 6),
(991, 'productcolor1_1498798877_465A7548.jpg', 166, 1),
(992, '', 166, 2),
(993, '', 166, 3),
(994, '', 166, 4),
(995, '', 166, 5),
(996, '', 166, 6),
(997, 'productcolor1_1498798923_465A7275.jpg', 167, 1),
(998, '', 167, 2),
(999, '', 167, 3),
(1000, '', 167, 4),
(1001, '', 167, 5),
(1002, '', 167, 6),
(1003, 'productcolor1_1498798932_465A7271.jpg', 168, 1),
(1004, '', 168, 2),
(1005, '', 168, 3),
(1006, '', 168, 4),
(1007, '', 168, 5),
(1008, '', 168, 6),
(1009, 'productcolor1_1498798943_465A7306.jpg', 169, 1),
(1010, 'productcolor2_1498273716_BBK2037GR-405.jpg', 169, 2),
(1011, NULL, 169, 3),
(1012, '', 169, 4),
(1013, NULL, 169, 5),
(1014, '', 169, 6),
(1015, 'productcolor1_1497596189_SDT1038BA-385.jpg', 170, 1),
(1016, 'productcolor2_1497596189_IMG_9018.jpg', 170, 2),
(1017, 'productcolor3_1497696660_THVU8381.jpg', 170, 3),
(1018, NULL, 170, 4),
(1019, '', 170, 5),
(1020, '', 170, 6),
(1021, 'productcolor1_1496560134_IMG_8634.jpg', 171, 1),
(1022, '', 171, 2),
(1023, '', 171, 3),
(1024, '', 171, 4),
(1025, '', 171, 5),
(1026, '', 171, 6),
(1027, 'productcolor1_1496560164_IMG_8640.jpg', 172, 1),
(1028, '', 172, 2),
(1029, '', 172, 3),
(1030, '', 172, 4),
(1031, '', 172, 5),
(1032, '', 172, 6),
(1033, 'productcolor1_1496560183_IMG_8649.jpg', 173, 1),
(1034, '', 173, 2),
(1035, '', 173, 3),
(1036, '', 173, 4),
(1037, '', 173, 5),
(1038, '', 173, 6),
(1039, 'productcolor1_1497596234_THVU7495.jpg', 174, 1),
(1040, 'productcolor2_1497596234_IMG_8998.jpg', 174, 2),
(1041, '', 174, 3),
(1042, NULL, 174, 4),
(1043, '', 174, 5),
(1044, '', 174, 6),
(1045, 'productcolor1_1497596351_SDT1039BA-395.jpg', 175, 1),
(1046, 'productcolor2_1497596351_THVU7777.jpg', 175, 2),
(1047, 'productcolor3_1497696710_THVU8387.jpg', 175, 3),
(1048, NULL, 175, 4),
(1049, '', 175, 5),
(1050, '', 175, 6),
(1051, 'productcolor1_1497596370_THVU7461.jpg', 176, 1),
(1052, 'productcolor2_1497596370_THVU7802.jpg', 176, 2),
(1053, '', 176, 3),
(1054, NULL, 176, 4),
(1055, '', 176, 5),
(1056, '', 176, 6),
(1057, 'productcolor1_1497596382_SDT1039BR-385.jpg', 177, 1),
(1058, 'productcolor2_1497596382_THVU7775.jpg', 177, 2),
(1059, 'productcolor3_1497696723_THVU8382.jpg', 177, 3),
(1060, NULL, 177, 4),
(1061, '', 177, 5),
(1062, '', 177, 6),
(1063, 'productcolor1_1497547035_THVU7803.jpg', 178, 1),
(1064, 'productcolor2_1497696729_THVU8383.jpg', 178, 2),
(1065, '', 178, 3),
(1066, '', 178, 4),
(1067, '', 178, 5),
(1068, '', 178, 6),
(1069, '', 179, 1),
(1070, '', 179, 2),
(1071, '', 179, 3),
(1072, '', 179, 4),
(1073, '', 179, 5),
(1074, '', 179, 6),
(1075, '', 180, 1),
(1076, '', 180, 2),
(1077, '', 180, 3),
(1078, '', 180, 4),
(1079, '', 180, 5),
(1080, '', 180, 6),
(1081, '', 181, 1),
(1082, '', 181, 2),
(1083, '', 181, 3),
(1084, '', 181, 4),
(1085, '', 181, 5),
(1086, '', 181, 6),
(1087, 'productcolor1_1497597821_BNN31041BA-395.jpg', 182, 1),
(1088, 'productcolor2_1497597821_BNN31041BA-395 (2).jpg', 182, 2),
(1089, 'productcolor3_1497597821_BNN31041BA.jpg', 182, 3),
(1090, 'productcolor4_1497597821_THVU8175.jpg', 182, 4),
(1091, '', 182, 5),
(1092, '', 182, 6),
(1093, 'productcolor1_1497597854_BNN31041BL.jpg', 183, 1),
(1094, 'productcolor2_1497597854_BNN31041NA-395.jpg', 183, 2),
(1095, 'productcolor3_1497538164_THVU8177.jpg', 183, 3),
(1096, NULL, 183, 4),
(1097, '', 183, 5),
(1098, '', 183, 6),
(1099, 'productcolor1_1497597873_BNN31041GR.jpg', 184, 1),
(1100, 'productcolor2_1497597873_BNN31041GR-395.jpg', 184, 2),
(1101, 'productcolor3_1498799095_BNN31041GR- SUA PHÍA DƯỚI NƠ CHIẾC PHẢI.jpg', 184, 3),
(1102, NULL, 184, 4),
(1103, '', 184, 5),
(1104, '', 184, 6),
(1105, 'productcolor1_1497597891_BNN31041PI.jpg', 185, 1),
(1106, 'productcolor2_1497597891_BNN31041PI-395.jpg', 185, 2),
(1107, 'productcolor3_1497597891_BNN31041PI (2).jpg', 185, 3),
(1108, 'productcolor4_1497597891_THVU8165.jpg', 185, 4),
(1109, '', 185, 5),
(1110, '', 185, 6),
(1111, '', 186, 1),
(1112, '', 186, 2),
(1113, '', 186, 3),
(1114, '', 186, 4),
(1115, '', 186, 5),
(1116, '', 186, 6),
(1117, '', 187, 1),
(1118, '', 187, 2),
(1119, '', 187, 3),
(1120, '', 187, 4),
(1121, '', 187, 5),
(1122, '', 187, 6),
(1123, '', 188, 1),
(1124, '', 188, 2),
(1125, '', 188, 3),
(1126, '', 188, 4),
(1127, '', 188, 5),
(1128, '', 188, 6),
(1129, 'productcolor1_1497601068_THVU7526.jpg', 189, 1),
(1130, '', 189, 2),
(1131, '', 189, 3),
(1132, NULL, 189, 4),
(1133, '', 189, 5),
(1134, '', 189, 6),
(1135, 'productcolor1_1497601077_THVU7532.jpg', 190, 1),
(1136, '', 190, 2),
(1137, '', 190, 3),
(1138, NULL, 190, 4),
(1139, '', 190, 5),
(1140, '', 190, 6),
(1141, 'productcolor1_1497601088_THVU7527.jpg', 191, 1),
(1142, '', 191, 2),
(1143, '', 191, 3),
(1144, NULL, 191, 4),
(1145, '', 191, 5),
(1146, '', 191, 6),
(1147, 'productcolor1_1497531446_THVU7826.jpg', 192, 1),
(1148, '', 192, 2),
(1149, '', 192, 3),
(1150, '', 192, 4),
(1151, '', 192, 5),
(1152, '', 192, 6),
(1153, 'productcolor1_1497601159_SDL1044NU-390.jpg', 193, 1),
(1154, 'productcolor2_1497601159_THVU7825.jpg', 193, 2),
(1155, NULL, 193, 3),
(1156, NULL, 193, 4),
(1157, '', 193, 5),
(1158, '', 193, 6),
(1159, 'productcolor1_1497601230_THVU7498.jpg', 194, 1),
(1160, 'productcolor2_1497601230_IMG_8996.jpg', 194, 2),
(1161, 'productcolor3_1497697391_THVU8403.jpg', 194, 3),
(1162, NULL, 194, 4),
(1163, '', 194, 5),
(1164, '', 194, 6),
(1165, 'productcolor1_1497601245_THVU7503.jpg', 195, 1),
(1166, 'productcolor2_1497601245_IMG_8994.jpg', 195, 2),
(1167, 'productcolor3_1497697402_THVU8404.jpg', 195, 3),
(1168, NULL, 195, 4),
(1169, '', 195, 5),
(1170, '', 195, 6),
(1171, 'productcolor1_1497601298_THVU7506.jpg', 196, 1),
(1172, 'productcolor2_1497601298_IMG_8997.jpg', 196, 2),
(1173, 'productcolor3_1497697566_THVU8410.jpg', 196, 3),
(1174, NULL, 196, 4),
(1175, '', 196, 5),
(1176, '', 196, 6),
(1177, 'productcolor1_1497601320_THVU7471.jpg', 197, 1),
(1178, 'productcolor2_1497601320_THVU7841.jpg', 197, 2),
(1179, 'productcolor3_1497697574_THVU8408.jpg', 197, 3),
(1180, NULL, 197, 4),
(1181, '', 197, 5),
(1182, '', 197, 6),
(1183, 'productcolor1_1498276687_SDT1046BL.jpg', 198, 1),
(1184, 'productcolor2_1498276687_bl.jpg', 198, 2),
(1185, 'productcolor3_1498276687_THVU8407.jpg', 198, 3),
(1186, '', 198, 4),
(1187, '', 198, 5),
(1188, '', 198, 6),
(1189, 'productcolor1_1498799243_465A7424.jpg', 199, 1),
(1190, 'productcolor2_1498799243_IMG_8673.jpg', 199, 2),
(1191, '', 199, 3),
(1192, '', 199, 4),
(1193, '', 199, 5),
(1194, '', 199, 6),
(1195, 'productcolor1_1498799256_IMG_8683.jpg', 200, 1),
(1196, '', 200, 2),
(1197, '', 200, 3),
(1198, '', 200, 4),
(1199, '', 200, 5),
(1200, '', 200, 6),
(1201, 'productcolor1_1498799263_465A7561.jpg', 201, 1),
(1202, '', 201, 2),
(1203, '', 201, 3),
(1204, '', 201, 4),
(1205, '', 201, 5),
(1206, '', 201, 6),
(1207, 'productcolor1_1498799284_465A7563.jpg', 202, 1),
(1208, 'productcolor2_1498276895_IMG_8698.jpg', 202, 2),
(1209, '', 202, 3),
(1210, '', 202, 4),
(1211, '', 202, 5),
(1212, '', 202, 6),
(1213, 'productcolor1_1498799276_465A7562.jpg', 203, 1),
(1214, 'productcolor2_1498276911_IMG_8672.jpg', 203, 2),
(1215, '', 203, 3),
(1216, '', 203, 4),
(1217, '', 203, 5),
(1218, '', 203, 6),
(1219, 'productcolor1_1498276925_SDD1047BA.jpg', 204, 1),
(1220, 'productcolor2_1498276925_IMG_8671.jpg', 204, 2),
(1221, '', 204, 3),
(1222, '', 204, 4),
(1223, '', 204, 5),
(1224, '', 204, 6),
(1225, 'productcolor1_1498799310_465A7576.jpg', 205, 1),
(1226, '', 205, 2),
(1227, '', 205, 3),
(1228, '', 205, 4),
(1229, '', 205, 5),
(1230, '', 205, 6),
(1231, 'productcolor1_1498799316_465A7577.jpg', 206, 1),
(1232, '', 206, 2),
(1233, '', 206, 3),
(1234, '', 206, 4),
(1235, '', 206, 5),
(1236, '', 206, 6),
(1237, 'productcolor1_1498799326_465A7630.jpg', 207, 1),
(1238, '', 207, 2),
(1239, '', 207, 3),
(1240, '', 207, 4),
(1241, '', 207, 5),
(1242, '', 207, 6),
(1243, 'productcolor1_1498799418_465A7622.jpg', 208, 1),
(1244, 'productcolor2_1498277486_IMG_8625.jpg', 208, 2),
(1245, '', 208, 3),
(1246, '', 208, 4),
(1247, '', 208, 5),
(1248, '', 208, 6),
(1249, 'productcolor1_1498799424_465A7628.jpg', 209, 1),
(1250, 'productcolor2_1498277499_IMG_8627.jpg', 209, 2),
(1251, '', 209, 3),
(1252, '', 209, 4),
(1253, '', 209, 5),
(1254, '', 209, 6),
(1255, 'productcolor1_1498799431_465A7560.jpg', 210, 1),
(1256, 'productcolor2_1498277525_IMG_8645.jpg', 210, 2),
(1257, '', 210, 3),
(1258, '', 210, 4),
(1259, '', 210, 5),
(1260, '', 210, 6),
(1261, 'productcolor1_1498799438_465A7623.jpg', 211, 1),
(1262, 'productcolor2_1498277537_IMG_8624.jpg', 211, 2),
(1263, '', 211, 3),
(1264, '', 211, 4),
(1265, '', 211, 5),
(1266, '', 211, 6),
(1267, 'productcolor1_1498799485_465A7422.jpg', 212, 1),
(1268, '', 212, 2),
(1269, '', 212, 3),
(1270, '', 212, 4),
(1271, '', 212, 5),
(1272, '', 212, 6),
(1273, 'productcolor1_1498799491_465A7416.jpg', 213, 1),
(1274, '', 213, 2),
(1275, '', 213, 3),
(1276, '', 213, 4),
(1277, '', 213, 5),
(1278, '', 213, 6),
(1279, 'productcolor1_1498799499_465A7457.jpg', 214, 1),
(1280, '', 214, 2),
(1281, '', 214, 3),
(1282, '', 214, 4),
(1283, '', 214, 5),
(1284, '', 214, 6),
(1291, 'productcolor1_1498799667_465A7446.jpg', 216, 1),
(1292, 'productcolor2_1498277908_IMG_8660.jpg', 216, 2),
(1293, '', 216, 3),
(1294, '', 216, 4),
(1295, '', 216, 5),
(1296, '', 216, 6),
(1297, 'productcolor1_1498277938_IMG_8665.jpg', 217, 1),
(1298, '', 217, 2),
(1299, '', 217, 3),
(1300, '', 217, 4),
(1301, '', 217, 5),
(1302, '', 217, 6),
(1303, 'productcolor1_1498799714_465A7428.jpg', 218, 1),
(1304, 'productcolor2_1498277964_IMG_8661.jpg', 218, 2),
(1305, '', 218, 3),
(1306, '', 218, 4),
(1307, '', 218, 5),
(1308, '', 218, 6),
(1309, 'productcolor1_1496567044_IMG_8664.jpg', 219, 1),
(1310, 'productcolor2_1504065871_IMG_9611.jpg', 219, 2),
(1311, '', 219, 3),
(1312, '', 219, 4),
(1313, '', 219, 5),
(1314, '', 219, 6),
(1315, 'productcolor1_1496567403_IMG_8678.jpg', 220, 1),
(1316, 'productcolor2_1504065883_IMG_9610.jpg', 220, 2),
(1317, '', 220, 3),
(1318, '', 220, 4),
(1319, '', 220, 5),
(1320, '', 220, 6),
(1321, 'productcolor1_1496567189_IMG_8684.jpg', 221, 1),
(1322, 'productcolor2_1504065893_IMG_9609.jpg', 221, 2),
(1323, '', 221, 3),
(1324, '', 221, 4),
(1325, '', 221, 5),
(1326, '', 221, 6),
(1327, 'productcolor1_1497601660_THVU7482.jpg', 222, 1),
(1328, 'productcolor2_1497601660_IMG_9007.jpg', 222, 2),
(1329, '', 222, 3),
(1330, NULL, 222, 4),
(1331, '', 222, 5),
(1332, '', 222, 6),
(1333, 'productcolor1_1497601671_THVU7486.jpg', 223, 1),
(1334, 'productcolor2_1497601671_IMG_9005.jpg', 223, 2),
(1335, '', 223, 3),
(1336, NULL, 223, 4),
(1337, '', 223, 5),
(1338, '', 223, 6),
(1339, 'productcolor1_1497601681_THVU7479.jpg', 224, 1),
(1340, 'productcolor2_1497601681_SDT1053BR-385.jpg', 224, 2),
(1341, '', 224, 3),
(1342, NULL, 224, 4),
(1343, '', 224, 5),
(1344, '', 224, 6),
(1345, '', 225, 1),
(1346, '', 225, 2),
(1347, '', 225, 3),
(1348, '', 225, 4),
(1349, '', 225, 5),
(1350, '', 225, 6),
(1351, '', 226, 1),
(1352, '', 226, 2),
(1353, '', 226, 3),
(1354, '', 226, 4),
(1355, '', 226, 5),
(1356, '', 226, 6),
(1357, '', 227, 1),
(1358, '', 227, 2),
(1359, '', 227, 3),
(1360, '', 227, 4),
(1361, '', 227, 5),
(1362, '', 227, 6),
(1363, '', 228, 1),
(1364, '', 228, 2),
(1365, '', 228, 3),
(1366, '', 228, 4),
(1367, '', 228, 5),
(1368, '', 228, 6),
(1369, 'productcolor1_1498799794_465A7421.jpg', 229, 1),
(1370, 'productcolor2_1498278765_IMG_8690.jpg', 229, 2),
(1371, '', 229, 3),
(1372, '', 229, 4),
(1373, '', 229, 5),
(1374, '', 229, 6),
(1375, 'productcolor1_1498799813_465A7468.jpg', 230, 1),
(1376, '', 230, 2),
(1377, '', 230, 3),
(1378, '', 230, 4),
(1379, '', 230, 5),
(1380, '', 230, 6),
(1381, 'productcolor1_1498799822_465A7467.jpg', 231, 1),
(1382, 'productcolor2_1498278794_IMG_8659.jpg', 231, 2),
(1383, '', 231, 3),
(1384, '', 231, 4),
(1385, '', 231, 5),
(1386, '', 231, 6),
(1387, 'productcolor1_1504065934_IMG_9617.jpg', 232, 1),
(1388, '', 232, 2),
(1389, '', 232, 3),
(1390, '', 232, 4),
(1391, '', 232, 5),
(1392, '', 232, 6),
(1393, 'productcolor1_1504065944_IMG_9619.jpg', 233, 1),
(1394, '', 233, 2),
(1395, '', 233, 3),
(1396, '', 233, 4),
(1397, '', 233, 5),
(1398, '', 233, 6),
(1399, 'productcolor1_1504065955_IMG_9616.jpg', 234, 1),
(1400, '', 234, 2),
(1401, '', 234, 3),
(1402, '', 234, 4),
(1403, '', 234, 5),
(1404, '', 234, 6),
(1405, 'productcolor1_1497601868_THVU7351 copy.jpg', 235, 1),
(1406, 'productcolor2_1497601868_SDX1057BA-405 (2).jpg', 235, 2),
(1407, 'productcolor3_1497705630_THVU8417.jpg', 235, 3),
(1408, 'productcolor4_1498279241_SDX1057BA-405 (3).jpg', 235, 4),
(1409, NULL, 235, 5),
(1410, '', 235, 6),
(1411, 'productcolor1_1497601880_THVU7462.jpg', 236, 1),
(1412, 'productcolor2_1497705610_SDX1057NU-405-2.jpg', 236, 2),
(1413, 'productcolor3_1497705610_THVU8416.jpg', 236, 3),
(1414, NULL, 236, 4),
(1415, '', 236, 5),
(1416, '', 236, 6),
(1417, 'productcolor1_1497601891_THVU7354 copy.jpg', 237, 1),
(1418, 'productcolor2_1497601891_SDX1057WH-405.jpg', 237, 2),
(1419, 'productcolor3_1497705561_THVU8418.jpg', 237, 3),
(1420, NULL, 237, 4),
(1421, '', 237, 5),
(1422, '', 237, 6),
(1423, 'productcolor1_1497601935_THVU7348 copy.jpg', 238, 1),
(1424, 'productcolor2_1497601935_THVU7805.jpg', 238, 2),
(1425, 'productcolor3_1497705767_THVU8420.jpg', 238, 3),
(1426, NULL, 238, 4),
(1427, '', 238, 5),
(1428, '', 238, 6),
(1429, 'productcolor1_1497601948_THVU7346 copy.jpg', 239, 1),
(1430, 'productcolor2_1497601948_THVU7806.jpg', 239, 2),
(1431, 'productcolor3_1497705776_THVU8421.jpg', 239, 3),
(1432, NULL, 239, 4),
(1433, '', 239, 5),
(1434, '', 239, 6),
(1435, 'productcolor1_1498799894_465A7454.jpg', 240, 1),
(1436, 'productcolor2_1498279627_IMG_8677.jpg', 240, 2),
(1437, '', 240, 3),
(1438, '', 240, 4),
(1439, '', 240, 5),
(1440, '', 240, 6),
(1441, 'productcolor1_1498799916_465A7448.jpg', 241, 1),
(1442, 'productcolor2_1498279637_IMG_8662.jpg', 241, 2),
(1443, '', 241, 3),
(1444, '', 241, 4),
(1445, '', 241, 5),
(1446, '', 241, 6),
(1447, 'productcolor1_1498799924_465A7417.jpg', 242, 1),
(1448, 'productcolor2_1498279649_IMG_8666.jpg', 242, 2),
(1449, '', 242, 3),
(1450, '', 242, 4),
(1451, '', 242, 5),
(1452, '', 242, 6),
(1453, 'productcolor1_1497602042_BVT1060BA-0.jpg', 243, 1),
(1454, 'productcolor2_1497602042_BVT1060BA-405 (2).jpg', 243, 2),
(1455, 'productcolor3_1497602042_IMG_8980.jpg', 243, 3),
(1456, 'productcolor4_1497602042_THVU8160.jpg', 243, 4),
(1457, '', 243, 5),
(1458, '', 243, 6),
(1459, 'productcolor1_1497602063_BVT1060NU.jpg', 244, 1),
(1460, 'productcolor2_1497602063_BVT1060NU-405.jpg', 244, 2),
(1461, 'productcolor3_1497602063_BVT1060BR-1.jpg', 244, 3),
(1462, 'productcolor4_1497602063_THVU8162.jpg', 244, 4),
(1463, '', 244, 5),
(1464, '', 244, 6),
(1465, 'productcolor1_1497602076_BVT1060GR-405.jpg', 245, 1),
(1466, 'productcolor2_1497602076_BVT1060GR-405 (2).jpg', 245, 2),
(1467, 'productcolor3_1497602076_BVT1060GR.jpg', 245, 3),
(1468, 'productcolor4_1497602076_THVU8155.jpg', 245, 4),
(1469, '', 245, 5),
(1470, '', 245, 6),
(1471, 'productcolor1_1497602240_BNN71063BL.jpg', 246, 1),
(1472, 'productcolor2_1497602240_IMG_8544.jpg', 246, 2),
(1473, 'productcolor3_1497602240_BNN71063BL-SUA LOT TRONG GIÀY.jpg', 246, 3),
(1474, 'productcolor4_1497602240_THVU7889.jpg', 246, 4),
(1475, '', 246, 5),
(1476, '', 246, 6),
(1477, 'productcolor1_1497602253_BNN71063BR.jpg', 247, 1),
(1478, 'productcolor2_1497602253_IMG_8522.jpg', 247, 2),
(1479, 'productcolor3_1497602253_BNN71063BR- SỬA LÓT TRONG GIÀY.jpg', 247, 3),
(1480, 'productcolor4_1497602253_THVU7882.jpg', 247, 4),
(1481, '', 247, 5),
(1482, '', 247, 6),
(1483, 'productcolor1_1497602299_BBN1064BA-385.jpg', 248, 1),
(1484, 'productcolor2_1497602299_BBN1064BA.jpg', 248, 2),
(1485, 'productcolor3_1497602299_IMG_8979.jpg', 248, 3),
(1486, 'productcolor4_1497602299_THVU8159.jpg', 248, 4),
(1487, '', 248, 5),
(1488, '', 248, 6),
(1489, 'productcolor1_1497602318_BBN1064NU.jpg', 249, 1),
(1490, 'productcolor2_1497602318_BBN1064NU-385.jpg', 249, 2),
(1491, 'productcolor3_1497602318_BBN1064NU-1.jpg', 249, 3),
(1492, 'productcolor4_1497602318_THVU8099.jpg', 249, 4),
(1493, '', 249, 5),
(1494, '', 249, 6),
(1495, 'productcolor1_1497602334_BBN1064GR.jpg', 250, 1),
(1496, 'productcolor2_1497602334_BBN1064GR-385.jpg', 250, 2),
(1497, 'productcolor3_1497602335_IMG_8968.jpg', 250, 3),
(1498, 'productcolor4_1497602335_THVU8107.jpg', 250, 4),
(1499, '', 250, 5),
(1500, '', 250, 6),
(1501, 'productcolor1_1497602350_BBN1064CO-385.jpg', 251, 1),
(1502, 'productcolor2_1497602350_BBN1064CO- sửa cấn thân giày.jpg', 251, 2),
(1503, 'productcolor3_1497602350_IMG_8974.jpg', 251, 3),
(1504, 'productcolor4_1497602350_THVU8076.jpg', 251, 4),
(1505, '', 251, 5),
(1506, '', 251, 6),
(1507, 'productcolor1_1497602461_SDC1066BA-385.jpg', 252, 1),
(1508, 'productcolor2_1497602461_THVU7809.jpg', 252, 2),
(1509, 'productcolor3_1497706307_THVU8448.jpg', 252, 3),
(1510, NULL, 252, 4),
(1511, '', 252, 5),
(1512, '', 252, 6),
(1513, 'productcolor1_1496572130_IMG_8633.jpg', 253, 1),
(1514, 'productcolor2_1497706379_THVU8452.jpg', 253, 2),
(1515, '', 253, 3),
(1516, '', 253, 4),
(1517, '', 253, 5),
(1518, '', 253, 6),
(1519, 'productcolor1_1496572149_IMG_8629.jpg', 254, 1),
(1520, '', 254, 2),
(1521, '', 254, 3),
(1522, '', 254, 4),
(1523, '', 254, 5),
(1524, '', 254, 6),
(1525, 'productcolor1_1497602489_SDC1066BR-385.jpg', 255, 1),
(1526, 'productcolor2_1497602489_THVU7810.jpg', 255, 2),
(1527, 'productcolor3_1497706395_THVU8446.jpg', 255, 3),
(1528, NULL, 255, 4),
(1529, '', 255, 5),
(1530, '', 255, 6),
(1531, 'productcolor1_1497602918_THVU6676.jpg', 256, 1),
(1532, 'productcolor2_1497602918_IMG_8542.jpg', 256, 2),
(1533, 'productcolor3_1497602918_bnn71070BA-SỬA LÓT TRONG GIÀY.jpg', 256, 3),
(1534, 'productcolor4_1497602918_THVU8023.jpg', 256, 4),
(1535, '', 256, 5),
(1536, '', 256, 6),
(1537, 'productcolor1_1498299173_IMG_8541.jpg', 257, 1),
(1538, 'productcolor2_1498299173_bnn71070bl--SỬA LÓT TRONG GIÀY.jpg', 257, 2),
(1539, 'productcolor3_1497544272_THVU7954.jpg', 257, 3),
(1540, '', 257, 4),
(1541, '', 257, 5),
(1542, '', 257, 6),
(1543, 'productcolor1_1497602951_THVU6679.jpg', 258, 1),
(1544, 'productcolor2_1497602951_IMG_8539.jpg', 258, 2),
(1545, 'productcolor3_1497602951_IMG_8818 copy.jpg', 258, 3),
(1546, 'productcolor4_1497602951_THVU7946.jpg', 258, 4);
INSERT INTO `product_picture` (`product_picture_id`, `product_picture_name`, `product_detail_id`, `product_picture_position`) VALUES
(1547, '', 258, 5),
(1548, '', 258, 6),
(1549, 'productcolor1_1497602967_THVU6677.jpg', 259, 1),
(1550, 'productcolor2_1497602968_IMG_8540.jpg', 259, 2),
(1551, 'productcolor3_1497602969_BNN71070GR - sua lot trong chiec phai.jpg', 259, 3),
(1552, 'productcolor4_1497602969_THVU7936.jpg', 259, 4),
(1553, '', 259, 5),
(1554, '', 259, 6),
(1561, 'productcolor1_1496572795_IMG_8667.jpg', 261, 1),
(1562, 'productcolor2_1498300035_blend nhat hong chinh chan trang.jpg', 261, 2),
(1563, '', 261, 3),
(1564, '', 261, 4),
(1565, '', 261, 5),
(1566, '', 261, 6),
(1567, 'productcolor1_1498800293_465A7372.jpg', 262, 1),
(1568, 'productcolor2_1498300048_IMG_8680.jpg', 262, 2),
(1569, '', 262, 3),
(1570, '', 262, 4),
(1571, '', 262, 5),
(1572, '', 262, 6),
(1573, 'productcolor1_1498800300_465A7435.jpg', 263, 1),
(1574, 'productcolor2_1498300065_IMG_8675.jpg', 263, 2),
(1575, 'productcolor3_1498300065_quang 2-201 copy.jpg', 263, 3),
(1576, '', 263, 4),
(1577, '', 263, 5),
(1578, '', 263, 6),
(1579, 'productcolor1_1496574765_IMG_8681.jpg', 264, 1),
(1580, '', 264, 2),
(1581, '', 264, 3),
(1582, '', 264, 4),
(1583, '', 264, 5),
(1584, '', 264, 6),
(1585, 'productcolor1_1498716425_465A7347.jpg', 265, 1),
(1586, '', 265, 2),
(1587, '', 265, 3),
(1588, '', 265, 4),
(1589, '', 265, 5),
(1590, '', 265, 6),
(1591, 'productcolor1_1498716432_465A7349.jpg', 266, 1),
(1592, '', 266, 2),
(1593, '', 266, 3),
(1594, '', 266, 4),
(1595, '', 266, 5),
(1596, '', 266, 6),
(1597, 'productcolor1_1498716439_465A7355.jpg', 267, 1),
(1598, '', 267, 2),
(1599, '', 267, 3),
(1600, '', 267, 4),
(1601, '', 267, 5),
(1602, '', 267, 6),
(1603, 'productcolor1_1498800369_465A7313.jpg', 268, 1),
(1604, 'productcolor2_1498300757_BBX1073BA-SUA LÓT TRONG.jpg', 268, 2),
(1605, 'productcolor3_1498300758_THVU7998.jpg', 268, 3),
(1606, '', 268, 4),
(1607, '', 268, 5),
(1608, '', 268, 6),
(1609, 'productcolor1_1498800376_465A7397.jpg', 269, 1),
(1610, 'productcolor2_1498300795_BBX1073GE-SUA LÓT TRONG.jpg', 269, 2),
(1611, 'productcolor3_1498300795_THVU7994.jpg', 269, 3),
(1612, '', 269, 4),
(1613, '', 269, 5),
(1614, '', 269, 6),
(1615, 'productcolor1_1497603224_THVU6728.jpg', 270, 1),
(1616, 'productcolor2_1497603224_IMG_8565.jpg', 270, 2),
(1617, 'productcolor3_1497603224_THVU8166.jpg', 270, 3),
(1618, '', 270, 4),
(1619, '', 270, 5),
(1620, '', 270, 6),
(1621, 'productcolor1_1497603240_THVU6733.jpg', 271, 1),
(1622, 'productcolor2_1497534633_BBN31074GE.jpg', 271, 2),
(1623, 'productcolor3_1497603240_IMG_8612.jpg', 271, 3),
(1624, 'productcolor4_1497603240_THVU7875.jpg', 271, 4),
(1625, '', 271, 5),
(1626, '', 271, 6),
(1627, '', 272, 1),
(1628, '', 272, 2),
(1629, '', 272, 3),
(1630, '', 272, 4),
(1631, '', 272, 5),
(1632, '', 272, 6),
(1633, '', 273, 1),
(1634, '', 273, 2),
(1635, '', 273, 3),
(1636, '', 273, 4),
(1637, '', 273, 5),
(1638, '', 273, 6),
(1639, '', 274, 1),
(1640, '', 274, 2),
(1641, '', 274, 3),
(1642, '', 274, 4),
(1643, '', 274, 5),
(1644, '', 274, 6),
(1645, 'productcolor1_1498800569_BBX1076BA-485.jpg', 275, 1),
(1646, 'productcolor2_1497603407_IMG_8523.jpg', 275, 2),
(1647, 'productcolor3_1497603407_BNX71076BA--SỬA LÓT TRONG GIÀY.jpg', 275, 3),
(1648, 'productcolor4_1497603407_THVU7877.jpg', 275, 4),
(1649, NULL, 275, 5),
(1650, '', 275, 6),
(1651, 'productcolor1_1498800588_BBX1076GE-485.jpg', 276, 1),
(1652, 'productcolor2_1497603431_IMG_8524.jpg', 276, 2),
(1653, 'productcolor3_1498301524_THVU7878.jpg', 276, 3),
(1654, 'productcolor4_1498301524_BNX71076-485 (2).jpg', 276, 4),
(1655, NULL, 276, 5),
(1656, '', 276, 6),
(1657, 'productcolor1_1498301842_BNK31077BA.jpg', 277, 1),
(1658, 'productcolor2_1498301842_THVU8179.jpg', 277, 2),
(1659, NULL, 277, 3),
(1660, '', 277, 4),
(1661, '', 277, 5),
(1662, '', 277, 6),
(1663, 'productcolor1_1497603494_BNK31077RE.jpg', 278, 1),
(1664, 'productcolor2_1497603494_BNK31077RE- SUA KHÓA TRẦY CHIẾC PHẢI.jpg', 278, 2),
(1665, 'productcolor3_1497603494_THVU8187.jpg', 278, 3),
(1666, NULL, 278, 4),
(1667, '', 278, 5),
(1668, '', 278, 6),
(1669, 'productcolor1_1497603550_BNN71078BA.jpg', 279, 1),
(1670, 'productcolor2_1497603550_BNN71078BA-425.jpg', 279, 2),
(1671, 'productcolor3_1497603550_BNN71078BA (2).jpg', 279, 3),
(1672, 'productcolor4_1497603550_THVU8189.jpg', 279, 4),
(1673, '', 279, 5),
(1674, '', 279, 6),
(1675, 'productcolor1_1497603567_BNN71078NU.jpg', 280, 1),
(1676, 'productcolor2_1497603567_BNN71078NU-425.jpg', 280, 2),
(1677, 'productcolor3_1497603567_BNN71078NU (2).jpg', 280, 3),
(1678, 'productcolor4_1497603567_THVU8134.jpg', 280, 4),
(1679, '', 280, 5),
(1680, '', 280, 6),
(1681, 'productcolor1_1497603582_BNN71078RE.jpg', 281, 1),
(1682, 'productcolor2_1497603583_BNN71078RE-425.jpg', 281, 2),
(1683, 'productcolor3_1497603583_BNN71078RE (2).jpg', 281, 3),
(1684, 'productcolor4_1497603583_THVU8136.jpg', 281, 4),
(1685, '', 281, 5),
(1686, '', 281, 6),
(1687, 'productcolor1_1498302116_SDD1078RE.jpg', 282, 1),
(1688, '', 282, 2),
(1689, '', 282, 3),
(1690, '', 282, 4),
(1691, '', 282, 5),
(1692, '', 282, 6),
(1693, 'productcolor1_1497603648_THVU7547.jpg', 283, 1),
(1694, '', 283, 2),
(1695, '', 283, 3),
(1696, NULL, 283, 4),
(1697, '', 283, 5),
(1698, '', 283, 6),
(1699, 'productcolor1_1497603631_THVU7549.jpg', 284, 1),
(1700, '', 284, 2),
(1701, '', 284, 3),
(1702, NULL, 284, 4),
(1703, '', 284, 5),
(1704, '', 284, 6),
(1705, 'productcolor1_1497708206_IMG_8574.jpg', 285, 1),
(1706, NULL, 285, 2),
(1707, '', 285, 3),
(1708, '', 285, 4),
(1709, '', 285, 5),
(1710, '', 285, 6),
(1711, 'productcolor1_1497708079_BNT51080BR- -SỬA LÓT TRONG GIÀY + CẤN GIÀY MŨI PHẢI.jpg', 286, 1),
(1712, 'productcolor2_1497603837_IMG_8571.jpg', 286, 2),
(1713, 'productcolor3_1497708079_THVU7970.jpg', 286, 3),
(1714, NULL, 286, 4),
(1715, '', 286, 5),
(1716, '', 286, 6),
(1717, 'productcolor1_1497603856_THVU6763.jpg', 287, 1),
(1718, 'productcolor2_1497603856_BNT51080NU-395.jpg', 287, 2),
(1719, 'productcolor3_1497545407_THVU8065.jpg', 287, 3),
(1720, '', 287, 4),
(1721, '', 287, 5),
(1722, '', 287, 6),
(1723, 'productcolor1_1497708193_BNT51080GR.jpg', 288, 1),
(1724, 'productcolor2_1497603921_IMG_8699.jpg', 288, 2),
(1725, 'productcolor3_1497708193_THVU8062.jpg', 288, 3),
(1726, NULL, 288, 4),
(1727, '', 288, 5),
(1728, '', 288, 6),
(1729, 'productcolor1_1497708174_BNT51080BL- SỬA CẤN GIÀY MŨI PHẢI.jpg', 289, 1),
(1730, 'productcolor2_1497708174_THVU7975.jpg', 289, 2),
(1731, NULL, 289, 3),
(1732, NULL, 289, 4),
(1733, '', 289, 5),
(1734, '', 289, 6),
(1735, 'productcolor1_1497604017_BNT31081NU-395.jpg', 290, 1),
(1736, 'productcolor2_1497604017_IMG_8578.jpg', 290, 2),
(1737, 'productcolor3_1497545213_THVU7971.jpg', 290, 3),
(1738, NULL, 290, 4),
(1739, '', 290, 5),
(1740, '', 290, 6),
(1741, 'productcolor1_1496576947_IMG_8581.jpg', 291, 1),
(1742, NULL, 291, 2),
(1743, '', 291, 3),
(1744, NULL, 291, 4),
(1745, '', 291, 5),
(1746, '', 291, 6),
(1747, 'productcolor1_1497708337_IMG_8580.jpg', 292, 1),
(1748, 'productcolor2_1497708337_THVU7974.jpg', 292, 2),
(1749, 'productcolor3_1497604071_BNT51080BR- -SỬA LÓT TRONG GIÀY + CẤN GIÀY MŨI PHẢI.jpg', 292, 3),
(1750, NULL, 292, 4),
(1751, '', 292, 5),
(1752, '', 292, 6),
(1753, 'productcolor1_1497604123_THVU6729.jpg', 293, 1),
(1754, 'productcolor2_1497604123_IMG_8564.jpg', 293, 2),
(1755, 'productcolor3_1497604123_BNT1082BA.jpg', 293, 3),
(1756, 'productcolor4_1497759121_THVU8174.jpg', 293, 4),
(1757, '', 293, 5),
(1758, '', 293, 6),
(1759, 'productcolor1_1498800953_THVU6730.jpg', 294, 1),
(1760, 'productcolor2_1497604140_IMG_8562.jpg', 294, 2),
(1761, 'productcolor3_1497604140_BNT1082BR-SỬA LÓT TRONG GIÀY.jpg', 294, 3),
(1762, 'productcolor4_1497604140_THVU7935.jpg', 294, 4),
(1763, '', 294, 5),
(1764, '', 294, 6),
(1765, 'productcolor1_1498800946_465A7352.jpg', 295, 1),
(1766, 'productcolor2_1497604160_IMG_8563.jpg', 295, 2),
(1767, 'productcolor3_1497604160_BNT1082NU.jpg', 295, 3),
(1768, 'productcolor4_1497759211_THVU7941.jpg', 295, 4),
(1769, '', 295, 5),
(1770, '', 295, 6),
(1771, 'productcolor1_1497604329_THVU6697.jpg', 296, 1),
(1772, 'productcolor2_1497604329_IMG_8483.jpg', 296, 2),
(1773, 'productcolor3_1497604329_BNT71084GR-SUA CẤN GIÀY CHIEC PHAI.jpg', 296, 3),
(1774, 'productcolor4_1497604329_THVU7932.jpg', 296, 4),
(1775, '', 296, 5),
(1776, '', 296, 6),
(1777, 'productcolor1_1497604355_THVU6705.jpg', 297, 1),
(1778, 'productcolor2_1497604355_IMG_8492.jpg', 297, 2),
(1779, '', 297, 3),
(1780, '', 297, 4),
(1781, '', 297, 5),
(1782, '', 297, 6),
(1783, 'productcolor1_1497604370_THVU6698.jpg', 298, 1),
(1784, 'productcolor2_1497604370_IMG_8495.jpg', 298, 2),
(1785, 'productcolor3_1497604370_BNT71084-CHỈNH LÓT TRONG CHIEC PHAI.jpg', 298, 3),
(1786, 'productcolor4_1497604370_THVU7934.jpg', 298, 4),
(1787, '', 298, 5),
(1788, '', 298, 6),
(1789, 'productcolor1_1497604390_THVU6701.jpg', 299, 1),
(1790, 'productcolor2_1497604390_IMG_8491.jpg', 299, 2),
(1791, 'productcolor3_1497604390_BNT71084BL-SỬA LÓT TRONG GIÀY.jpg', 299, 3),
(1792, '', 299, 4),
(1793, '', 299, 5),
(1794, '', 299, 6),
(1795, 'productcolor1_1497604422_THVU6699.jpg', 300, 1),
(1796, 'productcolor2_1497604422_IMG_8488.jpg', 300, 2),
(1797, 'productcolor3_1497604422_BNT71084NU-SUA LÓT TRONG CHIEC PHAI.jpg', 300, 3),
(1798, 'productcolor4_1497604422_THVU7948.jpg', 300, 4),
(1799, '', 300, 5),
(1800, '', 300, 6),
(1801, 'productcolor1_1498801010_465A7396.jpg', 301, 1),
(1802, '', 301, 2),
(1803, NULL, 301, 3),
(1804, '', 301, 4),
(1805, '', 301, 5),
(1806, '', 301, 6),
(1807, 'productcolor1_1497604492_BNT71084GR-SUA CẤN GIÀY CHIEC PHAI.jpg', 302, 1),
(1808, 'productcolor2_1497604492_THVU7940.jpg', 302, 2),
(1809, NULL, 302, 3),
(1810, '', 302, 4),
(1811, '', 302, 5),
(1812, '', 302, 6),
(1813, 'productcolor1_1497604521_BNT71084NU-SUA LÓT TRONG CHIEC PHAI.jpg', 303, 1),
(1814, 'productcolor2_1497604521_THVU7947.jpg', 303, 2),
(1815, 'productcolor3_1498801027_465A7351.jpg', 303, 3),
(1816, '', 303, 4),
(1817, '', 303, 5),
(1818, '', 303, 6),
(1825, 'productcolor1_1497604604_THVU7509.jpg', 305, 1),
(1826, 'productcolor2_1497604604_THVU7769.jpg', 305, 2),
(1827, 'productcolor3_1497760007_THVU8469.jpg', 305, 3),
(1828, NULL, 305, 4),
(1829, '', 305, 5),
(1830, '', 305, 6),
(1831, 'productcolor1_1497604646_IMG_9000.jpg', 306, 1),
(1832, 'productcolor2_1497604646_THVU7497.jpg', 306, 2),
(1833, 'productcolor3_1497760018_THVU8471.jpg', 306, 3),
(1834, NULL, 306, 4),
(1835, '', 306, 5),
(1836, '', 306, 6),
(1837, 'productcolor1_1497604703_THVU7540.jpg', 307, 1),
(1838, '', 307, 2),
(1839, '', 307, 3),
(1840, NULL, 307, 4),
(1841, '', 307, 5),
(1842, '', 307, 6),
(1843, 'productcolor1_1497604709_THVU7538.jpg', 308, 1),
(1844, '', 308, 2),
(1845, '', 308, 3),
(1846, NULL, 308, 4),
(1847, '', 308, 5),
(1848, '', 308, 6),
(1855, 'productcolor1_1497604801_THVU6724.jpg', 310, 1),
(1856, 'productcolor2_1497604801_IMG_8559.jpg', 310, 2),
(1857, 'productcolor3_1497604801_BNN1087BA-1.jpg', 310, 3),
(1858, 'productcolor4_1497760316_BA-goc 5p.jpg', 310, 4),
(1859, '', 310, 5),
(1860, '', 310, 6),
(1861, 'productcolor1_1497604812_THVU6726.jpg', 311, 1),
(1862, 'productcolor2_1497604812_IMG_8557.jpg', 311, 2),
(1863, 'productcolor3_1497604812_BNN1087NU.jpg', 311, 3),
(1864, 'productcolor4_1497760186_THVU7957.jpg', 311, 4),
(1865, '', 311, 5),
(1866, '', 311, 6),
(1867, 'productcolor1_1497604825_THVU6725.jpg', 312, 1),
(1868, 'productcolor2_1497604825_IMG_8558.jpg', 312, 2),
(1869, 'productcolor3_1497604825_BNN1087GR.jpg', 312, 3),
(1870, '', 312, 4),
(1871, '', 312, 5),
(1872, '', 312, 6),
(1873, 'productcolor1_1497760472_SDD1088BA-445.jpg', 313, 1),
(1874, 'productcolor2_1497760472_SDD1088BA-445-1.jpg', 313, 2),
(1875, 'productcolor3_1497760472_THVU8487.jpg', 313, 3),
(1876, '', 313, 4),
(1877, '', 313, 5),
(1878, '', 313, 6),
(1879, 'productcolor1_1497760488_SDD1088GO-445.jpg', 314, 1),
(1880, 'productcolor2_1497760488_SDD1088GO-405-1.jpg', 314, 2),
(1881, 'productcolor3_1497760488_THVU8492.jpg', 314, 3),
(1882, '', 314, 4),
(1883, '', 314, 5),
(1884, '', 314, 6),
(1885, 'productcolor1_1497760506_SDD1088SI-445 (2).jpg', 315, 1),
(1886, 'productcolor2_1497760506_SDD1088SI-405-2.jpg', 315, 2),
(1887, 'productcolor3_1497760506_THVU8489.jpg', 315, 3),
(1888, 'productcolor4_1497099710_sdd1088SI-445.jpg', 315, 4),
(1889, '', 315, 5),
(1890, '', 315, 6),
(1891, 'productcolor1_1498801283_465A7546.jpg', 316, 1),
(1892, '', 316, 2),
(1893, '', 316, 3),
(1894, '', 316, 4),
(1895, '', 316, 5),
(1896, '', 316, 6),
(1897, 'productcolor1_1498801289_465A7609.jpg', 317, 1),
(1898, 'productcolor2_1498304845_THVU8498.jpg', 317, 2),
(1899, '', 317, 3),
(1900, '', 317, 4),
(1901, '', 317, 5),
(1902, '', 317, 6),
(1903, 'productcolor1_1498801299_465A7552.jpg', 318, 1),
(1904, 'productcolor2_1498304872_THVU8497.jpg', 318, 2),
(1905, '', 318, 3),
(1906, '', 318, 4),
(1907, '', 318, 5),
(1908, '', 318, 6),
(1909, 'productcolor1_1497286886_BNB1090WH-395.jpg', 319, 1),
(1910, 'productcolor2_1497535643_BNB1090WH.jpg', 319, 2),
(1911, 'productcolor3_1497544945_THVU8068.jpg', 319, 3),
(1912, 'productcolor4_1497535643_BNB1090WH-395.jpg', 319, 4),
(1913, '', 319, 5),
(1914, '', 319, 6),
(1915, 'productcolor1_1497286895_BNB1090BA-395.jpg', 320, 1),
(1916, 'productcolor2_1497535663_BNB1090BA.jpg', 320, 2),
(1917, 'productcolor3_1497544952_THVU8161.jpg', 320, 3),
(1918, 'productcolor4_1497535663_BNB1090BA-395.jpg', 320, 4),
(1919, '', 320, 5),
(1920, '', 320, 6),
(1921, 'productcolor1_1498801365_465A7589.jpg', 321, 1),
(1922, 'productcolor2_1498377402_SDD1091GO-415.jpg', 321, 2),
(1923, '', 321, 3),
(1924, '', 321, 4),
(1925, '', 321, 5),
(1926, '', 321, 6),
(1927, 'productcolor1_1498801373_465A7593.jpg', 322, 1),
(1928, 'productcolor2_1498377425_SDD1091NU-415.jpg', 322, 2),
(1929, 'productcolor3_1498377425_THVU8501.jpg', 322, 3),
(1930, '', 322, 4),
(1931, '', 322, 5),
(1932, '', 322, 6),
(1933, 'productcolor1_1498801382_465A7591.jpg', 323, 1),
(1934, 'productcolor2_1498377455_THVU7831.jpg', 323, 2),
(1935, 'productcolor3_1498377455_THVU8502.jpg', 323, 3),
(1936, '', 323, 4),
(1937, '', 323, 5),
(1938, '', 323, 6),
(1939, 'productcolor1_1497605061_THVU7514.jpg', 324, 1),
(1940, 'productcolor2_1497605061_THVU7766.jpg', 324, 2),
(1941, 'productcolor3_1497761099_THVU8507.jpg', 324, 3),
(1942, NULL, 324, 4),
(1943, '', 324, 5),
(1944, '', 324, 6),
(1945, 'productcolor1_1498801425_465A7631.jpg', 325, 1),
(1946, 'productcolor2_1498377809_IMG_8635.jpg', 325, 2),
(1947, 'productcolor3_1498377653_THVU8504.jpg', 325, 3),
(1948, '', 325, 4),
(1949, '', 325, 5),
(1950, '', 325, 6),
(1951, 'productcolor1_1497605076_SDK1092BA-440.jpg', 326, 1),
(1952, 'productcolor2_1497605076_THVU7767.jpg', 326, 2),
(1953, 'productcolor3_1497761134_THVU8505.jpg', 326, 3),
(1954, NULL, 326, 4),
(1955, '', 326, 5),
(1956, '', 326, 6),
(1957, 'productcolor1_1497605120_THVU7518.jpg', 327, 1),
(1958, 'productcolor2_1497605120_THVU7796.jpg', 327, 2),
(1959, 'productcolor3_1497761179_THVU8508.jpg', 327, 3),
(1960, NULL, 327, 4),
(1961, '', 327, 5),
(1962, '', 327, 6),
(1963, 'productcolor1_1497605140_THVU7517.jpg', 328, 1),
(1964, 'productcolor2_1497605140_THVU7795.jpg', 328, 2),
(1965, 'productcolor3_1497761187_THVU8512.jpg', 328, 3),
(1966, NULL, 328, 4),
(1967, '', 328, 5),
(1968, '', 328, 6),
(1969, 'productcolor1_1497605149_THVU7515.jpg', 329, 1),
(1970, 'productcolor2_1497605149_THVU7797.jpg', 329, 2),
(1971, 'productcolor3_1497761194_THVU8510.jpg', 329, 3),
(1972, NULL, 329, 4),
(1973, '', 329, 5),
(1974, '', 329, 6),
(1975, 'productcolor1_1497605187_SDT1094BR-410.jpg', 330, 1),
(1976, 'productcolor2_1497605188_THVU7855.jpg', 330, 2),
(1977, 'productcolor3_1497761240_THVU8535.jpg', 330, 3),
(1978, '', 330, 4),
(1979, '', 330, 5),
(1980, '', 330, 6),
(1981, 'productcolor1_1497761852_BA-2.jpg', 331, 1),
(1982, 'productcolor2_1497761852_SDT1094BA.jpg', 331, 2),
(1983, 'productcolor3_1497761249_THVU8525.jpg', 331, 3),
(1984, '', 331, 4),
(1985, '', 331, 5),
(1986, '', 331, 6),
(1987, NULL, 332, 1),
(1988, NULL, 332, 2),
(1989, NULL, 332, 3),
(1990, '', 332, 4),
(1991, '', 332, 5),
(1992, '', 332, 6),
(1993, 'productcolor1_1497605220_SDT1094RE-410.jpg', 333, 1),
(1994, 'productcolor2_1497605220_SDT1094RE.jpg', 333, 2),
(1995, 'productcolor3_1497761597_THVU8533.jpg', 333, 3),
(1996, '', 333, 4),
(1997, '', 333, 5),
(1998, '', 333, 6),
(1999, 'productcolor1_1498378154_SDT1094BAB (2).jpg', 334, 1),
(2000, 'productcolor2_1498378154_SDT1094BAB.jpg', 334, 2),
(2001, '', 334, 3),
(2002, '', 334, 4),
(2003, '', 334, 5),
(2004, '', 334, 6),
(2005, 'productcolor1_1497761906_SDT1094NUB-410.jpg', 335, 1),
(2006, 'productcolor2_1497761906_SDT1094NUB.jpg', 335, 2),
(2007, 'productcolor3_1497761906_NUB.jpg', 335, 3),
(2008, '', 335, 4),
(2009, '', 335, 5),
(2010, '', 335, 6),
(2011, 'productcolor1_1498801499_465A7411.jpg', 336, 1),
(2012, 'productcolor2_1498378889_IMG_8669.jpg', 336, 2),
(2013, '', 336, 3),
(2014, '', 336, 4),
(2015, '', 336, 5),
(2016, '', 336, 6),
(2017, 'productcolor1_1498801508_465A7412.jpg', 337, 1),
(2018, 'productcolor2_1498378984_IMG_8689.jpg', 337, 2),
(2019, '', 337, 3),
(2020, '', 337, 4),
(2021, '', 337, 5),
(2022, '', 337, 6),
(2023, 'productcolor1_1498801517_465A7415.jpg', 338, 1),
(2024, 'productcolor2_1498378998_IMG_8657.jpg', 338, 2),
(2025, '', 338, 3),
(2026, '', 338, 4),
(2027, '', 338, 5),
(2028, '', 338, 6),
(2029, 'productcolor1_1498801599_465A7409.jpg', 339, 1),
(2030, 'productcolor2_1498395049_IMG_8676.jpg', 339, 2),
(2031, '', 339, 3),
(2032, '', 339, 4),
(2033, '', 339, 5),
(2034, '', 339, 6),
(2035, 'productcolor1_1496593843_IMG_8691.jpg', 340, 1),
(2036, '', 340, 2),
(2037, '', 340, 3),
(2038, '', 340, 4),
(2039, '', 340, 5),
(2040, '', 340, 6),
(2041, 'productcolor1_1498801606_465A7410.jpg', 341, 1),
(2042, 'productcolor2_1498395062_IMG_8658.jpg', 341, 2),
(2043, '', 341, 3),
(2044, '', 341, 4),
(2045, '', 341, 5),
(2046, '', 341, 6),
(2047, '', 342, 1),
(2048, '', 342, 2),
(2049, '', 342, 3),
(2050, '', 342, 4),
(2051, '', 342, 5),
(2052, '', 342, 6),
(2053, '', 343, 1),
(2054, '', 343, 2),
(2055, '', 343, 3),
(2056, '', 343, 4),
(2057, '', 343, 5),
(2058, '', 343, 6),
(2059, '', 344, 1),
(2060, '', 344, 2),
(2061, '', 344, 3),
(2062, '', 344, 4),
(2063, '', 344, 5),
(2064, '', 344, 6),
(2065, 'productcolor1_1498801861_465A7257.jpg', 345, 1),
(2066, NULL, 345, 2),
(2067, '', 345, 3),
(2068, '', 345, 4),
(2069, '', 345, 5),
(2070, '', 345, 6),
(2071, 'productcolor1_1498801869_465A7262.jpg', 346, 1),
(2072, '', 346, 2),
(2073, '', 346, 3),
(2074, '', 346, 4),
(2075, '', 346, 5),
(2076, '', 346, 6),
(2077, 'productcolor1_1497605434_IMG_8900 copy.jpg', 347, 1),
(2078, 'productcolor2_1497605434_BNT71097PI-420 (2).jpg', 347, 2),
(2079, 'productcolor3_1498397492_465A7407.jpg', 347, 3),
(2080, NULL, 347, 4),
(2081, NULL, 347, 5),
(2082, '', 347, 6),
(2083, 'productcolor1_1497605459_BNT71097BA-420.jpg', 348, 1),
(2084, 'productcolor2_1497605459_BNT71097BA-420 (2).jpg', 348, 2),
(2085, 'productcolor3_1497605460_IMG_8889 copy.jpg', 348, 3),
(2086, 'productcolor4_1497762111_THVU8191.jpg', 348, 4),
(2087, '', 348, 5),
(2088, '', 348, 6),
(2089, 'productcolor1_1498801679_465A7398.jpg', 349, 1),
(2090, 'productcolor2_1497762416_BNT71097NU-420 (2).jpg', 349, 2),
(2091, NULL, 349, 3),
(2092, NULL, 349, 4),
(2093, '', 349, 5),
(2094, '', 349, 6),
(2095, 'productcolor1_1497605560_BNTDD71098BA.jpg', 350, 1),
(2096, 'productcolor2_1497605560_BNTDD71098BA-420.jpg', 350, 2),
(2097, 'productcolor3_1497605560_IMG_8889 copy.jpg', 350, 3),
(2098, NULL, 350, 4),
(2099, '', 350, 5),
(2100, '', 350, 6),
(2101, 'productcolor1_1497605604_IMG_8900 copy.jpg', 351, 1),
(2102, 'productcolor2_1497605605_BNTDD71098PI-420.jpg', 351, 2),
(2103, 'productcolor3_1497546041_THVU8139.jpg', 351, 3),
(2104, 'productcolor4_1497546041_BNTDD71098PI.jpg', 351, 4),
(2105, 'productcolor5_1497605605_BNT71097PI-420.jpg', 351, 5),
(2106, '', 351, 6),
(2107, 'productcolor1_1497605655_BNTDD71098NU.jpg', 352, 1),
(2108, 'productcolor2_1497605655_BNTDD71098NU-420.jpg', 352, 2),
(2109, 'productcolor3_1497605655_IMG_8934.jpg', 352, 3),
(2110, 'productcolor4_1497605655_THVU8173.jpg', 352, 4),
(2111, '', 352, 5),
(2112, '', 352, 6),
(2113, 'productcolor1_1498801747_465A7406.jpg', 353, 1),
(2114, 'productcolor2_1498398215_IMG_8534.jpg', 353, 2),
(2115, 'productcolor3_1498398215_BNL71099GR (2).jpg', 353, 3),
(2116, 'productcolor4_1498398215_THVU8059-gr.jpg', 353, 4),
(2117, '', 353, 5),
(2118, '', 353, 6),
(2119, 'productcolor1_1498801757_BNL71099BA.jpg', 354, 1),
(2120, 'productcolor2_1497762517_BNL71099BA-420.jpg', 354, 2),
(2121, 'productcolor3_1497762517_BNL71099BA (2).jpg', 354, 3),
(2122, 'productcolor4_1497762517_THVU8125.jpg', 354, 4),
(2123, '', 354, 5),
(2124, '', 354, 6),
(2125, 'productcolor1_1498801779_THVU8181-nub.jpg', 355, 1),
(2126, NULL, 355, 2),
(2127, NULL, 355, 3),
(2128, NULL, 355, 4),
(2129, '', 355, 5),
(2130, '', 355, 6),
(2131, 'productcolor1_1498801787_BNL71099BAB.jpg', 356, 1),
(2132, 'productcolor2_1497762642_BNL71099BAB-420.jpg', 356, 2),
(2133, 'productcolor3_1497762642_BNL71099BAB (2).jpg', 356, 3),
(2134, 'productcolor4_1497762642_THVU8191-bab.jpg', 356, 4),
(2135, '', 356, 5),
(2136, '', 356, 6),
(2137, 'productcolor1_1497762668_BNL71099PI.jpg', 357, 1),
(2138, 'productcolor2_1497762668_BNL71099PI-420.jpg', 357, 2),
(2139, 'productcolor3_1497762668_IMG_8965.jpg', 357, 3),
(2140, 'productcolor4_1497762668_THVU8128.jpg', 357, 4),
(2141, '', 357, 5),
(2142, '', 357, 6),
(2143, 'productcolor1_1498801805_465A7404.jpg', 358, 1),
(2144, 'productcolor2_1497762892_BNL71099BR-420 (2).jpg', 358, 2),
(2145, 'productcolor3_1497762892_BNL71099CO (2).jpg', 358, 3),
(2146, 'productcolor4_1497762892_THVU8060-co.jpg', 358, 4),
(2147, 'productcolor5_1497762892_BNL71099BR-420.jpg', 358, 5),
(2148, '', 358, 6),
(2149, 'productcolor1_1497287151_BNL71099COB-420.jpg', 359, 1),
(2150, 'productcolor2_1497537416_IMG_8964.jpg', 359, 2),
(2151, 'productcolor3_1497537416_THVU8138-cob.jpg', 359, 3),
(2152, '', 359, 4),
(2153, '', 359, 5),
(2154, '', 359, 6),
(2155, 'productcolor1_1496595128_IMG_8535.jpg', 360, 1),
(2156, '', 360, 2),
(2157, '', 360, 3),
(2158, '', 360, 4),
(2159, '', 360, 5),
(2160, '', 360, 6),
(2161, 'productcolor1_1496595120_IMG_8530.jpg', 361, 1),
(2162, '', 361, 2),
(2163, '', 361, 3),
(2164, '', 361, 4),
(2165, '', 361, 5),
(2166, '', 361, 6),
(2167, 'productcolor1_1496595143_IMG_8528.jpg', 362, 1),
(2168, '', 362, 2),
(2169, '', 362, 3),
(2170, '', 362, 4),
(2171, '', 362, 5),
(2172, '', 362, 6),
(2173, 'productcolor1_1497605929_THVU6780.jpg', 363, 1),
(2174, 'productcolor2_1497605929_IMG_8572.jpg', 363, 2),
(2175, 'productcolor3_1497605929_BNL71103NU.jpg', 363, 3),
(2176, 'productcolor4_1497605929_THVU7949.jpg', 363, 4),
(2177, '', 363, 5),
(2178, '', 363, 6),
(2179, 'productcolor1_1496595299_IMG_8576.jpg', 364, 1),
(2180, 'productcolor2_1497537624_BNL71103BA.jpg', 364, 2),
(2181, 'productcolor3_1497537624_THVU7951.jpg', 364, 3),
(2182, '', 364, 4),
(2183, '', 364, 5),
(2184, '', 364, 6),
(2185, 'productcolor1_1497605955_THVU6785.jpg', 365, 1),
(2186, 'productcolor2_1497605955_IMG_8577.jpg', 365, 2),
(2187, 'productcolor3_1497605955_IMG_8966.jpg', 365, 3),
(2188, 'productcolor4_1497605955_THVU7950.jpg', 365, 4),
(2189, '', 365, 5),
(2190, '', 365, 6),
(2191, 'productcolor1_1498399908_465A7452.jpg', 366, 1),
(2192, '', 366, 2),
(2193, '', 366, 3),
(2194, '', 366, 4),
(2195, '', 366, 5),
(2196, '', 366, 6),
(2197, 'productcolor1_1497606017_THVU6879.jpg', 367, 1),
(2198, 'productcolor2_1497606017_BBN1104CO-395.jpg', 367, 2),
(2199, 'productcolor3_1497606017_IMG_8975.jpg', 367, 3),
(2200, 'productcolor4_1497606017_THVU8078.jpg', 367, 4),
(2201, '', 367, 5),
(2202, '', 367, 6),
(2203, 'productcolor1_1497606092_BBN1104BA-395.jpg', 368, 1),
(2204, 'productcolor2_1497371247_BBN1104BA.jpg', 368, 2),
(2205, '', 368, 3),
(2206, NULL, 368, 4),
(2207, '', 368, 5),
(2208, '', 368, 6),
(2209, 'productcolor1_1497247574_BBN1104NU-395.jpg', 369, 1),
(2210, '', 369, 2),
(2211, '', 369, 3),
(2212, '', 369, 4),
(2213, '', 369, 5),
(2214, '', 369, 6),
(2215, 'productcolor1_1497606118_THVU6878.jpg', 370, 1),
(2216, 'productcolor2_1497606118_BBN1104PI-395.jpg', 370, 2),
(2217, 'productcolor3_1497606118_IMG_8973.jpg', 370, 3),
(2218, 'productcolor4_1497606118_THVU8077.jpg', 370, 4),
(2219, '', 370, 5),
(2220, '', 370, 6),
(2221, 'productcolor1_1497606160_BBN1105BA.jpg', 371, 1),
(2222, NULL, 371, 2),
(2223, '', 371, 3),
(2224, NULL, 371, 4),
(2225, '', 371, 5),
(2226, '', 371, 6),
(2227, 'productcolor1_1497606175_BBN1105CO.jpg', 372, 1),
(2228, 'productcolor2_1497533719_IMG_8969.jpg', 372, 2),
(2229, 'productcolor3_1497533720_THVU8078.jpg', 372, 3),
(2230, NULL, 372, 4),
(2231, '', 372, 5),
(2232, '', 372, 6),
(2233, 'productcolor1_1497606188_BBN1105NU.jpg', 373, 1),
(2234, 'productcolor2_1497533737_IMG_8967.jpg', 373, 2),
(2235, '', 373, 3),
(2236, NULL, 373, 4),
(2237, '', 373, 5),
(2238, '', 373, 6),
(2245, 'productcolor1_1497606216_BBN1105PI.jpg', 375, 1),
(2246, 'productcolor2_1497533799_IMG_8972.jpg', 375, 2),
(2247, 'productcolor3_1497533799_THVU8077.jpg', 375, 3),
(2248, NULL, 375, 4),
(2249, '', 375, 5),
(2250, '', 375, 6),
(2251, 'productcolor1_1498400859_BBN1105RE (2).jpg', 376, 1),
(2252, '', 376, 2),
(2253, NULL, 376, 3),
(2254, '', 376, 4),
(2255, NULL, 376, 5),
(2256, '', 376, 6),
(2257, 'productcolor1_1497606326_BBN1107BA-395.jpg', 377, 1),
(2258, 'productcolor2_1497606326_BBN1107BA.jpg', 377, 2),
(2259, 'productcolor3_1497606326_not.jpg', 377, 3),
(2260, NULL, 377, 4),
(2261, '', 377, 5),
(2262, '', 377, 6),
(2263, 'productcolor1_1497606344_bbn1107CO.jpg', 378, 1),
(2264, 'productcolor2_1497533909_IMG_8977.jpg', 378, 2),
(2265, 'productcolor3_1497533909_THVU8078.jpg', 378, 3),
(2266, NULL, 378, 4),
(2267, '', 378, 5),
(2268, '', 378, 6),
(2269, '', 379, 1),
(2270, '', 379, 2),
(2271, '', 379, 3),
(2272, '', 379, 4),
(2273, '', 379, 5),
(2274, '', 379, 6),
(2275, 'productcolor1_1497606361_THVU6881.jpg', 380, 1),
(2276, 'productcolor2_1497606361_BBN1107GR-395.jpg', 380, 2),
(2277, 'productcolor3_1497606361_IMG_8981.jpg', 380, 3),
(2278, 'productcolor4_1497606361_THVU8064.jpg', 380, 4),
(2279, '', 380, 5),
(2280, '', 380, 6),
(2281, 'productcolor1_1498402159_465A7549.jpg', 381, 1),
(2282, 'productcolor2_1498402067_THVU7824.jpg', 381, 2),
(2283, 'productcolor3_1498402067_THVU8536.jpg', 381, 3),
(2284, '', 381, 4),
(2285, '', 381, 5),
(2286, '', 381, 6),
(2287, 'productcolor1_1498402092_465A7545.jpg', 382, 1),
(2288, 'productcolor2_1498402092_THVU7823-OK.jpg', 382, 2),
(2289, 'productcolor3_1498402092_THVU8537.jpg', 382, 3),
(2290, '', 382, 4),
(2291, '', 382, 5),
(2292, '', 382, 6),
(2293, 'productcolor1_1498402116_465A7603.jpg', 383, 1),
(2294, 'productcolor2_1498402116_THVU7811.jpg', 383, 2),
(2295, '', 383, 3),
(2296, '', 383, 4),
(2297, '', 383, 5),
(2298, '', 383, 6),
(2299, 'productcolor1_1498402146_SDL1108BR-405.jpg', 384, 1),
(2300, 'productcolor2_1498402146_THVU7820-OK.jpg', 384, 2),
(2301, 'productcolor3_1497707503_THVU8539.jpg', 384, 3),
(2302, NULL, 384, 4),
(2303, '', 384, 5),
(2304, '', 384, 6),
(2305, 'productcolor1_1498402705_465A7402.jpg', 385, 1),
(2306, 'productcolor2_1497606555_IMG_8546.jpg', 385, 2),
(2307, 'productcolor3_1497538053_THVU7942.jpg', 385, 3),
(2308, '', 385, 4),
(2309, '', 385, 5),
(2310, '', 385, 6),
(2311, 'productcolor1_1497606567_THVU6681.jpg', 386, 1),
(2312, 'productcolor2_1497606567_IMG_8547.jpg', 386, 2),
(2313, 'productcolor3_1497606636_BNN1109BA.jpg', 386, 3),
(2314, '', 386, 4),
(2315, '', 386, 5),
(2316, '', 386, 6),
(2317, 'productcolor1_1497606583_THVU6682.jpg', 387, 1),
(2318, 'productcolor2_1497606583_IMG_8545.jpg', 387, 2),
(2319, 'productcolor3_1497606583_BNN1109GR-SUA XÓA MỜ CHỈ TRÊN NƠ.jpg', 387, 3),
(2320, 'productcolor4_1497606583_THVU7937.jpg', 387, 4),
(2321, '', 387, 5),
(2322, '', 387, 6),
(2323, 'productcolor1_1498404011_465A7405.jpg', 388, 1),
(2324, 'productcolor2_1498404011_THVU8556.jpg', 388, 2),
(2325, '', 388, 3),
(2326, '', 388, 4),
(2327, '', 388, 5),
(2328, '', 388, 6),
(2329, 'productcolor1_1498404024_465A7360.jpg', 389, 1),
(2330, 'productcolor2_1498404024_THVU8555.jpg', 389, 2),
(2331, 'productcolor3_1498404024_BNN71113WH-420.jpg', 389, 3),
(2332, NULL, 389, 4),
(2333, NULL, 389, 5),
(2334, '', 389, 6),
(2335, 'productcolor1_1498404321_THVU7335.jpg', 390, 1),
(2336, 'productcolor2_1497763628_THVU7848.jpg', 390, 2),
(2337, '', 390, 3),
(2338, NULL, 390, 4),
(2339, '', 390, 5),
(2340, '', 390, 6),
(2341, 'productcolor1_1498404337_465A7621.jpg', 391, 1),
(2342, 'productcolor2_1498404337_THVU7845.jpg', 391, 2),
(2343, '', 391, 3),
(2344, '', 391, 4),
(2345, '', 391, 5),
(2346, '', 391, 6),
(2347, 'productcolor1_1497545666_THVU7846.jpg', 392, 1),
(2348, 'productcolor2_1498405769_mi-0288 copy 2.jpg', 392, 2),
(2349, '', 392, 3),
(2350, '', 392, 4),
(2351, '', 392, 5),
(2352, '', 392, 6),
(2353, 'productcolor1_1497770586_THVU7338 copy.jpg', 393, 1),
(2354, 'productcolor2_1497763697_THVU7849.jpg', 393, 2),
(2355, '', 393, 3),
(2356, NULL, 393, 4),
(2357, '', 393, 5),
(2358, '', 393, 6),
(2359, '', 394, 1),
(2360, '', 394, 2),
(2361, '', 394, 3),
(2362, '', 394, 4),
(2363, '', 394, 5),
(2364, '', 394, 6),
(2365, '', 395, 1),
(2366, '', 395, 2),
(2367, '', 395, 3),
(2368, '', 395, 4),
(2369, '', 395, 5),
(2370, '', 395, 6),
(2371, '', 396, 1),
(2372, '', 396, 2),
(2373, '', 396, 3),
(2374, '', 396, 4),
(2375, '', 396, 5),
(2376, '', 396, 6),
(2377, 'productcolor1_1498409524_SDX1116SI-480 (2).jpg', 397, 1),
(2378, NULL, 397, 2),
(2379, '', 397, 3),
(2380, '', 397, 4),
(2381, NULL, 397, 5),
(2382, '', 397, 6),
(2383, 'productcolor1_1498406646_465A7485.jpg', 398, 1),
(2384, '', 398, 2),
(2385, '', 398, 3),
(2386, '', 398, 4),
(2387, '', 398, 5),
(2388, '', 398, 6),
(2389, 'productcolor1_1498406654_465A7484.jpg', 399, 1),
(2390, '', 399, 2),
(2391, '', 399, 3),
(2392, '', 399, 4),
(2393, '', 399, 5),
(2394, '', 399, 6),
(2395, 'productcolor1_1498406664_SDX1116GR.jpg', 400, 1),
(2396, '', 400, 2),
(2397, '', 400, 3),
(2398, '', 400, 4),
(2399, '', 400, 5),
(2400, '', 400, 6),
(2401, 'productcolor1_1498407091_465A7524.jpg', 401, 1),
(2402, 'productcolor2_1498407091_THVU8573.jpg', 401, 2),
(2403, NULL, 401, 3),
(2404, '', 401, 4),
(2405, '', 401, 5),
(2406, '', 401, 6),
(2407, 'productcolor1_1498407106_465A7528.jpg', 402, 1),
(2408, 'productcolor2_1498407106_THVU8569.jpg', 402, 2),
(2409, NULL, 402, 3),
(2410, '', 402, 4),
(2411, '', 402, 5),
(2412, '', 402, 6),
(2413, 'productcolor1_1498407466_ba.jpg', 403, 1),
(2414, '', 403, 2),
(2415, '', 403, 3),
(2416, '', 403, 4),
(2417, '', 403, 5),
(2418, '', 403, 6),
(2419, 'productcolor1_1498407473_bl.jpg', 404, 1),
(2420, '', 404, 2),
(2421, '', 404, 3),
(2422, '', 404, 4),
(2423, '', 404, 5),
(2424, '', 404, 6),
(2425, 'productcolor1_1498407743_465A7529.jpg', 405, 1),
(2426, '', 405, 2),
(2427, '', 405, 3),
(2428, '', 405, 4),
(2429, '', 405, 5),
(2430, '', 405, 6),
(2431, 'productcolor1_1498407976_465A7522.jpg', 406, 1),
(2432, 'productcolor2_1498407976_THVU8544.jpg', 406, 2),
(2433, NULL, 406, 3),
(2434, '', 406, 4),
(2435, '', 406, 5),
(2436, '', 406, 6),
(2437, 'productcolor1_1498407998_465A7523.jpg', 407, 1),
(2438, 'productcolor2_1498407998_THVU8542.jpg', 407, 2),
(2439, NULL, 407, 3),
(2440, '', 407, 4),
(2441, '', 407, 5),
(2442, '', 407, 6),
(2443, 'productcolor1_1498408657_465A7486.jpg', 408, 1),
(2444, 'productcolor2_1498408657_SDX2121BA-470.jpg', 408, 2),
(2445, '', 408, 3),
(2446, NULL, 408, 4),
(2447, NULL, 408, 5),
(2448, '', 408, 6),
(2449, 'productcolor1_1498408665_465A7487.jpg', 409, 1),
(2450, 'productcolor2_1498409228_LIN_7166.jpg', 409, 2),
(2451, '', 409, 3),
(2452, '', 409, 4),
(2453, '', 409, 5),
(2454, '', 409, 6),
(2455, 'productcolor1_1498408675_465A7492.jpg', 410, 1),
(2456, '', 410, 2),
(2457, '', 410, 3),
(2458, '', 410, 4),
(2459, '', 410, 5),
(2460, '', 410, 6),
(2461, 'productcolor1_1498408239_465A7462.jpg', 411, 1),
(2462, 'productcolor2_1498408239_THVU8777.jpg', 411, 2),
(2463, '', 411, 3),
(2464, '', 411, 4),
(2465, '', 411, 5),
(2466, '', 411, 6),
(2467, 'productcolor1_1498408260_465A7438.jpg', 412, 1),
(2468, 'productcolor2_1498408260_THVU8785.jpg', 412, 2),
(2469, '', 412, 3),
(2470, '', 412, 4),
(2471, '', 412, 5),
(2472, '', 412, 6),
(2473, 'productcolor1_1497873381_THVU8791-2122nu.jpg', 413, 1),
(2474, '', 413, 2),
(2475, '', 413, 3),
(2476, '', 413, 4),
(2477, '', 413, 5),
(2478, '', 413, 6),
(2479, 'productcolor1_1498408284_465A7451.jpg', 414, 1),
(2480, 'productcolor2_1498408284_THVU8778.jpg', 414, 2),
(2481, '', 414, 3),
(2482, '', 414, 4),
(2483, '', 414, 5),
(2484, '', 414, 6),
(2485, 'productcolor1_1498409911_465A7536.jpg', 415, 1),
(2486, '', 415, 2),
(2487, '', 415, 3),
(2488, '', 415, 4),
(2489, '', 415, 5),
(2490, '', 415, 6),
(2491, 'productcolor1_1498486619_465A7433.jpg', 416, 1),
(2492, 'productcolor2_1498486619_BNN72124NU-415 (2).jpg', 416, 2),
(2493, NULL, 416, 3),
(2494, '', 416, 4),
(2495, '', 416, 5),
(2496, '', 416, 6),
(2503, '', 418, 1),
(2504, '', 418, 2),
(2505, NULL, 418, 3),
(2506, '', 418, 4),
(2507, '', 418, 5),
(2508, '', 418, 6),
(2509, 'productcolor1_1498487005_THVU8660.jpg', 419, 1),
(2510, '', 419, 2),
(2511, '', 419, 3),
(2512, '', 419, 4),
(2513, '', 419, 5),
(2514, '', 419, 6),
(2515, 'productcolor1_1498487026_465A7288.jpg', 420, 1),
(2516, 'productcolor2_1498487026_THVU8659.jpg', 420, 2),
(2517, '', 420, 3),
(2518, '', 420, 4),
(2519, '', 420, 5),
(2520, '', 420, 6),
(2521, 'productcolor1_1497764585_THVU8657.jpg', 421, 1),
(2522, '', 421, 2),
(2523, '', 421, 3),
(2524, '', 421, 4),
(2525, '', 421, 5),
(2526, '', 421, 6),
(2527, 'productcolor1_1498487123_465A7337.jpg', 422, 1),
(2528, 'productcolor2_1498487123_THVU8662.jpg', 422, 2),
(2529, 'productcolor3_1498487124_BNX72125NA-520 (2).jpg', 422, 3),
(2530, NULL, 422, 4),
(2531, NULL, 422, 5),
(2532, '', 422, 6),
(2533, 'productcolor1_1504065051_IMG_9542.jpg', 423, 1),
(2534, '', 423, 2),
(2535, '', 423, 3),
(2536, '', 423, 4),
(2537, '', 423, 5),
(2538, '', 423, 6),
(2539, 'productcolor1_1497696979_THVU8819.jpg', 424, 1),
(2540, 'productcolor2_1504065072_IMG_9539.jpg', 424, 2),
(2541, '', 424, 3),
(2542, '', 424, 4),
(2543, '', 424, 5),
(2544, '', 424, 6),
(2545, 'productcolor1_1497696991_THVU8821.jpg', 425, 1),
(2546, 'productcolor2_1497696991_BBN2126BL-395.jpg', 425, 2),
(2547, 'productcolor3_1504065082_IMG_9540.jpg', 425, 3),
(2548, NULL, 425, 4),
(2549, NULL, 425, 5),
(2550, '', 425, 6),
(2551, 'productcolor1_1498487698_465A7394.jpg', 426, 1),
(2552, 'productcolor2_1498487698_THVU8683.jpg', 426, 2),
(2553, '', 426, 3),
(2554, '', 426, 4),
(2555, '', 426, 5),
(2556, '', 426, 6),
(2557, 'productcolor1_1498487716_465A7325.jpg', 427, 1),
(2558, 'productcolor2_1498487716_THVU8678.jpg', 427, 2),
(2559, '', 427, 3),
(2560, '', 427, 4),
(2561, '', 427, 5),
(2562, '', 427, 6),
(2563, 'productcolor1_1498487730_BNN72127BL.jpg', 428, 1),
(2564, 'productcolor2_1498487730_THVU8687.jpg', 428, 2),
(2565, '', 428, 3),
(2566, '', 428, 4),
(2567, '', 428, 5),
(2568, '', 428, 6),
(2569, 'productcolor1_1498487768_465A7286.jpg', 429, 1),
(2570, 'productcolor2_1498487768_THVU8681.jpg', 429, 2),
(2571, 'productcolor3_1498487768_BNN72127GR-420 (2).jpg', 429, 3),
(2572, NULL, 429, 4),
(2573, NULL, 429, 5),
(2574, '', 429, 6),
(2575, 'productcolor1_1498488488_465A7478.jpg', 430, 1),
(2576, '', 430, 2),
(2577, '', 430, 3),
(2578, '', 430, 4),
(2579, '', 430, 5),
(2580, '', 430, 6),
(2581, 'productcolor1_1498488499_465A7469.jpg', 431, 1),
(2582, '', 431, 2),
(2583, '', 431, 3),
(2584, '', 431, 4),
(2585, '', 431, 5),
(2586, '', 431, 6),
(2587, 'productcolor1_1498488507_465A7480.jpg', 432, 1),
(2588, '', 432, 2),
(2589, '', 432, 3),
(2590, '', 432, 4),
(2591, '', 432, 5),
(2592, '', 432, 6),
(2593, 'productcolor1_1498488532_465A7481.jpg', 433, 1),
(2594, 'productcolor2_1498488532_SDD2128BL-405 (2).jpg', 433, 2),
(2595, '', 433, 3),
(2596, NULL, 433, 4),
(2597, '', 433, 5),
(2598, '', 433, 6),
(2599, 'productcolor1_1497765750_THVU8688.jpg', 434, 1),
(2600, 'productcolor2_1497765750_THVU8058.jpg', 434, 2),
(2601, 'productcolor3_1498488970_BHN72129BA-395 (2).jpg', 434, 3),
(2602, NULL, 434, 4),
(2603, NULL, 434, 5),
(2604, '', 434, 6),
(2605, 'productcolor1_1497765758_THVU8689.jpg', 435, 1),
(2606, '', 435, 2),
(2607, '', 435, 3),
(2608, '', 435, 4),
(2609, '', 435, 5),
(2610, '', 435, 6),
(2611, 'productcolor1_1498489295_465A7332.jpg', 436, 1),
(2612, 'productcolor2_1498489295_THVU8698.jpg', 436, 2),
(2613, 'productcolor3_1498489295_THVU8133.jpg', 436, 3),
(2614, '', 436, 4),
(2615, '', 436, 5),
(2616, '', 436, 6),
(2617, 'productcolor1_1498489383_465A7346.jpg', 437, 1),
(2618, 'productcolor2_1498489383_THVU8702.jpg', 437, 2),
(2619, 'productcolor3_1498489383_THVU8181.jpg', 437, 3),
(2620, 'productcolor4_1498489383_BNK72130NU-475 (2).jpg', 437, 4),
(2621, NULL, 437, 5),
(2622, '', 437, 6),
(2623, 'productcolor1_1497765860_THVU8697.jpg', 438, 1),
(2624, '', 438, 2),
(2625, '', 438, 3),
(2626, '', 438, 4),
(2627, '', 438, 5),
(2628, '', 438, 6),
(2629, 'productcolor1_1498489437_465A7441.jpg', 439, 1),
(2630, 'productcolor2_1498489437_THVU8700.jpg', 439, 2),
(2631, '', 439, 3),
(2632, '', 439, 4),
(2633, '', 439, 5),
(2634, '', 439, 6),
(2635, 'productcolor1_1498630990_465A7330.jpg', 440, 1),
(2636, 'productcolor2_1498630993_THVU8724.jpg', 440, 2),
(2637, '', 440, 3),
(2638, '', 440, 4),
(2639, '', 440, 5),
(2640, '', 440, 6),
(2641, 'productcolor1_1498631043_465A7459.jpg', 441, 1),
(2642, 'productcolor2_1498631044_THVU8728.jpg', 441, 2),
(2643, 'productcolor3_1498631044_BNK31077NU-415 (2).jpg', 441, 3),
(2644, '', 441, 4),
(2645, '', 441, 5),
(2646, '', 441, 6),
(2647, 'productcolor1_1497765965_THVU8732.jpg', 442, 1),
(2648, '', 442, 2),
(2649, '', 442, 3),
(2650, '', 442, 4),
(2651, '', 442, 5),
(2652, '', 442, 6),
(2653, 'productcolor1_1497765973_THVU8730.jpg', 443, 1),
(2654, '', 443, 2),
(2655, '', 443, 3),
(2656, '', 443, 4),
(2657, '', 443, 5),
(2658, '', 443, 6),
(2659, 'productcolor1_1498631500_465A7311.jpg', 444, 1),
(2660, 'productcolor2_1498631500_THVU8602.jpg', 444, 2),
(2661, 'productcolor3_1498631500_BNH72132BA-455 (2).jpg', 444, 3),
(2662, NULL, 444, 4),
(2663, '', 444, 5),
(2664, '', 444, 6),
(2665, 'productcolor1_1498631523_465A7290.jpg', 445, 1),
(2666, 'productcolor2_1498631523_THVU8599.jpg', 445, 2),
(2667, '', 445, 3),
(2668, '', 445, 4),
(2669, '', 445, 5),
(2670, '', 445, 6),
(2671, 'productcolor1_1498669673_465A7292.jpg', 446, 1),
(2672, 'productcolor2_1498669674_THVU8708.jpg', 446, 2),
(2673, '', 446, 3),
(2674, '', 446, 4),
(2675, '', 446, 5),
(2676, '', 446, 6),
(2677, 'productcolor1_1498669722_465A7321.jpg', 447, 1),
(2678, 'productcolor2_1498669722_THVU8703.jpg', 447, 2),
(2679, '', 447, 3),
(2680, '', 447, 4),
(2681, '', 447, 5),
(2682, '', 447, 6),
(2683, 'productcolor1_1497766325_THVU8709.jpg', 448, 1),
(2684, 'productcolor2_1498669740_BNN52133RE-425 (2).jpg', 448, 2),
(2685, '', 448, 3),
(2686, NULL, 448, 4),
(2687, NULL, 448, 5),
(2688, '', 448, 6),
(2689, 'productcolor1_1498669754_465A7328.jpg', 449, 1),
(2690, 'productcolor2_1498669754_THVU8705.jpg', 449, 2),
(2691, '', 449, 3),
(2692, '', 449, 4),
(2693, '', 449, 5),
(2694, '', 449, 6),
(2695, 'productcolor1_1498670129_465A7420.jpg', 450, 1),
(2696, '', 450, 2),
(2697, '', 450, 3),
(2698, '', 450, 4),
(2699, '', 450, 5),
(2700, '', 450, 6),
(2701, 'productcolor1_1498670142_465A7324.jpg', 451, 1),
(2702, '', 451, 2),
(2703, '', 451, 3),
(2704, '', 451, 4),
(2705, '', 451, 5),
(2706, '', 451, 6),
(2707, 'productcolor1_1498670154_465A7450.jpg', 452, 1),
(2708, '', 452, 2),
(2709, '', 452, 3),
(2710, '', 452, 4),
(2711, '', 452, 5),
(2712, '', 452, 6),
(2713, 'productcolor1_1504064669_IMG_9524.jpg', 453, 1),
(2714, '', 453, 2),
(2715, '', 453, 3),
(2716, '', 453, 4),
(2717, '', 453, 5),
(2718, '', 453, 6),
(2719, 'productcolor1_1504064682_IMG_9523.jpg', 454, 1),
(2720, '', 454, 2),
(2721, '', 454, 3),
(2722, NULL, 454, 4),
(2723, 'productcolor5_1497535695_BND1135RE-435.jpg', 454, 5),
(2724, '', 454, 6),
(2725, 'productcolor1_1504064694_IMG_9525.jpg', 455, 1),
(2726, '', 455, 2),
(2727, '', 455, 3),
(2728, '', 455, 4),
(2729, '', 455, 5),
(2730, '', 455, 6),
(2731, 'productcolor1_1498802459_465A7534.jpg', 456, 1),
(2732, '', 456, 2),
(2733, '', 456, 3),
(2734, '', 456, 4),
(2735, '', 456, 5),
(2736, '', 456, 6),
(2743, 'productcolor1_1498802470_SDH1144NU-450.jpg', 458, 1),
(2744, '', 458, 2),
(2745, '', 458, 3),
(2746, '', 458, 4),
(2747, '', 458, 5),
(2748, '', 458, 6),
(2749, 'productcolor1_1498671336_465A7354.jpg', 459, 1),
(2750, 'productcolor2_1498671336_THVU8677.jpg', 459, 2),
(2751, '', 459, 3),
(2752, '', 459, 4),
(2753, '', 459, 5),
(2754, '', 459, 6),
(2755, 'productcolor1_1497766799_THVU8671.jpg', 460, 1),
(2756, 'productcolor2_1497766799_SDT1138BR-420.jpg', 460, 2),
(2757, '', 460, 3),
(2758, NULL, 460, 4),
(2759, NULL, 460, 5),
(2760, '', 460, 6),
(2761, 'productcolor1_1498671369_465A7474.jpg', 461, 1),
(2762, 'productcolor2_1498671370_THVU8668.jpg', 461, 2),
(2763, '', 461, 3),
(2764, '', 461, 4),
(2765, '', 461, 5),
(2766, '', 461, 6),
(2767, '', 462, 1),
(2768, '', 462, 2),
(2769, '', 462, 3),
(2770, '', 462, 4),
(2771, '', 462, 5),
(2772, '', 462, 6),
(2773, 'productcolor1_1498802522_465A7496.jpg', 463, 1),
(2774, '', 463, 2),
(2775, '', 463, 3),
(2776, NULL, 463, 4),
(2777, '', 463, 5),
(2778, '', 463, 6),
(2779, 'productcolor1_1498802528_465A7497.jpg', 464, 1),
(2780, '', 464, 2),
(2781, '', 464, 3),
(2782, NULL, 464, 4),
(2783, '', 464, 5),
(2784, '', 464, 6),
(2785, 'productcolor1_1498802534_465A7499.jpg', 465, 1),
(2786, 'productcolor2_1498671707_IMG_8641.jpg', 465, 2),
(2787, '', 465, 3),
(2788, '', 465, 4),
(2789, '', 465, 5),
(2790, '', 465, 6),
(2791, '', 466, 1),
(2792, '', 466, 2),
(2793, '', 466, 3),
(2794, '', 466, 4),
(2795, '', 466, 5),
(2796, '', 466, 6),
(2797, '', 467, 1),
(2798, '', 467, 2),
(2799, '', 467, 3),
(2800, '', 467, 4),
(2801, '', 467, 5),
(2802, '', 467, 6),
(2803, '', 468, 1),
(2804, '', 468, 2),
(2805, '', 468, 3),
(2806, '', 468, 4),
(2807, '', 468, 5),
(2808, '', 468, 6),
(2809, 'productcolor1_1498672097_465A7495.jpg', 469, 1),
(2810, 'productcolor2_1498672097_THVU8607.jpg', 469, 2),
(2811, '', 469, 3),
(2812, '', 469, 4),
(2813, '', 469, 5),
(2814, '', 469, 6),
(2815, 'productcolor1_1498802585_465A7493.jpg', 470, 1),
(2816, 'productcolor2_1497766996_THVU8612.jpg', 470, 2),
(2817, NULL, 470, 3),
(2818, '', 470, 4),
(2819, '', 470, 5),
(2820, '', 470, 6),
(2821, 'productcolor1_1498802594_465A7494.jpg', 471, 1),
(2822, 'productcolor2_1498672139_THVU8610.jpg', 471, 2),
(2823, 'productcolor3_1498672139_SDT1140NU-430.jpg', 471, 3),
(2824, NULL, 471, 4),
(2825, NULL, 471, 5),
(2826, '', 471, 6),
(2833, 'productcolor1_1497767144_SDT1141BA-400.jpg', 473, 1),
(2834, '', 473, 2),
(2835, NULL, 473, 3),
(2836, NULL, 473, 4),
(2837, '', 473, 5),
(2838, '', 473, 6),
(2839, 'productcolor1_1497767154_THVU7466.jpg', 474, 1),
(2840, '', 474, 2),
(2841, '', 474, 3),
(2842, NULL, 474, 4),
(2843, '', 474, 5),
(2844, '', 474, 6),
(2845, 'productcolor1_1497767185_SDT1141BR-400.jpg', 475, 1),
(2846, '', 475, 2),
(2847, NULL, 475, 3),
(2848, NULL, 475, 4),
(2849, '', 475, 5),
(2850, '', 475, 6),
(2851, '', 476, 1),
(2852, '', 476, 2),
(2853, '', 476, 3),
(2854, '', 476, 4),
(2855, '', 476, 5),
(2856, '', 476, 6),
(2857, '', 477, 1),
(2858, '', 477, 2),
(2859, '', 477, 3),
(2860, '', 477, 4),
(2861, '', 477, 5),
(2862, '', 477, 6),
(2863, '', 478, 1),
(2864, '', 478, 2),
(2865, '', 478, 3),
(2866, '', 478, 4),
(2867, '', 478, 5),
(2868, '', 478, 6),
(2869, '', 479, 1),
(2870, '', 479, 2),
(2871, '', 479, 3),
(2872, '', 479, 4),
(2873, '', 479, 5),
(2874, '', 479, 6),
(2875, '', 480, 1),
(2876, '', 480, 2),
(2877, '', 480, 3),
(2878, '', 480, 4),
(2879, '', 480, 5),
(2880, '', 480, 6),
(2881, '', 481, 1),
(2882, '', 481, 2),
(2883, '', 481, 3),
(2884, '', 481, 4),
(2885, '', 481, 5),
(2886, '', 481, 6),
(2887, '', 482, 1),
(2888, '', 482, 2),
(2889, '', 482, 3),
(2890, '', 482, 4),
(2891, '', 482, 5),
(2892, '', 482, 6),
(2893, 'productcolor1_1498672750_465A7470.jpg', 483, 1),
(2894, 'productcolor2_1498672750_465A7472.jpg', 483, 2),
(2895, '', 483, 3),
(2896, '', 483, 4),
(2897, '', 483, 5),
(2898, '', 483, 6),
(2899, 'productcolor1_1498672780_465A7535.jpg', 484, 1),
(2900, NULL, 484, 2),
(2901, '', 484, 3),
(2902, NULL, 484, 4),
(2903, '', 484, 5),
(2904, '', 484, 6),
(2905, 'productcolor1_1498673213_465A7289.jpg', 485, 1),
(2906, '', 485, 2),
(2907, '', 485, 3),
(2908, '', 485, 4),
(2909, '', 485, 5),
(2910, '', 485, 6),
(2911, 'productcolor1_1498673230_465A7277.jpg', 486, 1),
(2912, '', 486, 2),
(2913, '', 486, 3),
(2914, '', 486, 4),
(2915, '', 486, 5),
(2916, '', 486, 6),
(2917, '', 487, 1),
(2918, '', 487, 2),
(2919, '', 487, 3),
(2920, '', 487, 4),
(2921, '', 487, 5),
(2922, '', 487, 6),
(2923, 'productcolor1_1498673247_465A7314.jpg', 488, 1),
(2924, '', 488, 2),
(2925, '', 488, 3),
(2926, '', 488, 4),
(2927, '', 488, 5),
(2928, '', 488, 6),
(2929, 'productcolor1_1498673534_465A7284.jpg', 489, 1),
(2930, 'productcolor2_1498673534_THVU8626.jpg', 489, 2),
(2931, '', 489, 3),
(2932, '', 489, 4),
(2933, '', 489, 5),
(2934, '', 489, 6),
(2935, 'productcolor1_1497767363_THVU8629.jpg', 490, 1),
(2936, '', 490, 2),
(2937, '', 490, 3),
(2938, '', 490, 4),
(2939, '', 490, 5),
(2940, '', 490, 6),
(2941, 'productcolor1_1498673589_465A7344.jpg', 491, 1),
(2942, 'productcolor2_1498673589_THVU8630.jpg', 491, 2),
(2943, 'productcolor3_1498673589_BNX71146GR-495 (2).jpg', 491, 3),
(2944, NULL, 491, 4),
(2945, NULL, 491, 5),
(2946, '', 491, 6),
(2947, 'productcolor1_1498673790_465A7571.jpg', 492, 1),
(2948, '', 492, 2),
(2949, '', 492, 3),
(2950, '', 492, 4),
(2951, '', 492, 5),
(2952, '', 492, 6),
(2953, 'productcolor1_1498673807_465A7572.jpg', 493, 1),
(2954, 'productcolor2_1498673807_SDX1147GR-475 (2).jpg', 493, 2),
(2955, '', 493, 3),
(2956, NULL, 493, 4),
(2957, NULL, 493, 5),
(2958, '', 493, 6),
(2959, 'productcolor1_1498673817_465A7582.jpg', 494, 1),
(2960, '', 494, 2),
(2961, '', 494, 3),
(2962, '', 494, 4),
(2963, '', 494, 5),
(2964, '', 494, 6),
(2965, '', 495, 1),
(2966, '', 495, 2),
(2967, '', 495, 3),
(2968, '', 495, 4),
(2969, '', 495, 5),
(2970, '', 495, 6),
(2971, 'productcolor1_1498674162_465A7388.jpg', 496, 1),
(2972, 'productcolor2_1498674162_THVU8749.jpg', 496, 2),
(2973, 'productcolor3_1498674162_BNX71148NU-495 (2).jpg', 496, 3),
(2974, NULL, 496, 4),
(2975, NULL, 496, 5),
(2976, '', 496, 6),
(2977, 'productcolor1_1498674145_465A7363.jpg', 497, 1),
(2978, 'productcolor2_1498674145_THVU8751.jpg', 497, 2),
(2979, '', 497, 3),
(2980, '', 497, 4),
(2981, '', 497, 5),
(2982, '', 497, 6),
(2983, 'productcolor1_1497767755_THVU8750.jpg', 498, 1),
(2984, 'productcolor2_1498674075_BNX71148RE-495 (2).jpg', 498, 2),
(2985, '', 498, 3),
(2986, NULL, 498, 4),
(2987, NULL, 498, 5),
(2988, '', 498, 6),
(2989, 'productcolor1_1498674443_465A7585.jpg', 499, 1),
(2990, 'productcolor2_1498674443_THVU8645.jpg', 499, 2),
(2991, '', 499, 3),
(2992, '', 499, 4),
(2993, '', 499, 5),
(2994, '', 499, 6),
(2995, 'productcolor1_1498674457_465A7587.jpg', 500, 1),
(2996, 'productcolor2_1498674457_THVU8648.jpg', 500, 2),
(2997, '', 500, 3),
(2998, '', 500, 4),
(2999, '', 500, 5),
(3000, '', 500, 6),
(3001, 'productcolor1_1498674473_465A7578.jpg', 501, 1),
(3002, 'productcolor2_1498674473_THVU8637.jpg', 501, 2),
(3003, '', 501, 3),
(3004, '', 501, 4),
(3005, '', 501, 5),
(3006, '', 501, 6),
(3007, 'productcolor1_1498674518_465A7610.jpg', 502, 1),
(3008, 'productcolor2_1498674518_THVU8634.jpg', 502, 2),
(3009, 'productcolor3_1498674518_sdn1149NA-410 (2).jpg', 502, 3),
(3010, NULL, 502, 4),
(3011, '', 502, 5),
(3012, '', 502, 6),
(3013, 'productcolor1_1498674823_465A7383.jpg', 503, 1),
(3014, '', 503, 2),
(3015, '', 503, 3),
(3016, '', 503, 4),
(3017, '', 503, 5),
(3018, '', 503, 6),
(3019, 'productcolor1_1498674838_465A7385.jpg', 504, 1),
(3020, '', 504, 2),
(3021, '', 504, 3),
(3022, '', 504, 4),
(3023, '', 504, 5),
(3024, '', 504, 6),
(3025, 'productcolor1_1498674848_465A7376.jpg', 505, 1),
(3026, '', 505, 2),
(3027, NULL, 505, 3),
(3028, '', 505, 4),
(3029, '', 505, 5),
(3030, '', 505, 6),
(3031, '', 506, 1),
(3032, '', 506, 2),
(3033, '', 506, 3),
(3034, '', 506, 4),
(3035, '', 506, 5),
(3036, '', 506, 6),
(3037, 'productcolor1_1498675077_465A7356.jpg', 507, 1),
(3038, '', 507, 2),
(3039, '', 507, 3),
(3040, '', 507, 4),
(3041, '', 507, 5),
(3042, '', 507, 6),
(3043, 'productcolor1_1498675089_465A7291.jpg', 508, 1),
(3044, '', 508, 2),
(3045, '', 508, 3),
(3046, '', 508, 4),
(3047, '', 508, 5),
(3048, '', 508, 6),
(3049, 'productcolor1_1498675215_465A7323.jpg', 509, 1),
(3050, 'productcolor2_1498675215_BBK2151BA-395.jpg', 509, 2),
(3051, NULL, 509, 3),
(3052, '', 509, 4),
(3053, NULL, 509, 5),
(3054, '', 509, 6),
(3055, 'productcolor1_1498675451_465A7390.jpg', 510, 1),
(3056, 'productcolor2_1498675451_THVU8574.jpg', 510, 2),
(3057, '', 510, 3),
(3058, '', 510, 4),
(3059, '', 510, 5),
(3060, '', 510, 6),
(3061, '', 511, 1),
(3062, '', 511, 2),
(3063, '', 511, 3),
(3064, '', 511, 4),
(3065, '', 511, 5),
(3066, '', 511, 6),
(3067, 'productcolor1_1498675486_465A7382.jpg', 512, 1),
(3068, 'productcolor2_1498675491_THVU8581.jpg', 512, 2),
(3069, 'productcolor3_1498675491_BNKT72152YE-420 (2).jpg', 512, 3),
(3070, NULL, 512, 4),
(3071, NULL, 512, 5),
(3072, '', 512, 6),
(3073, 'productcolor1_1498675683_465A7338.jpg', 513, 1),
(3074, 'productcolor2_1498675684_THVU8592.jpg', 513, 2),
(3075, '', 513, 3),
(3076, '', 513, 4),
(3077, '', 513, 5),
(3078, '', 513, 6),
(3079, 'productcolor1_1498675695_465A7371.jpg', 514, 1),
(3080, 'productcolor2_1498675695_THVU8593.jpg', 514, 2),
(3081, '', 514, 3),
(3082, '', 514, 4),
(3083, '', 514, 5),
(3084, '', 514, 6),
(3085, 'productcolor1_1498675710_465A7368.jpg', 515, 1),
(3086, 'productcolor2_1498675710_THVU8588.jpg', 515, 2),
(3087, '', 515, 3),
(3088, '', 515, 4),
(3089, '', 515, 5),
(3090, '', 515, 6),
(3091, 'productcolor1_1504063760_IMG_9502.jpg', 516, 1),
(3092, '', 516, 2),
(3093, '', 516, 3),
(3094, '', 516, 4),
(3095, '', 516, 5),
(3096, '', 516, 6),
(3097, 'productcolor1_1504063774_IMG_9501.jpg', 517, 1),
(3098, '', 517, 2),
(3099, '', 517, 3),
(3100, '', 517, 4),
(3101, '', 517, 5),
(3102, '', 517, 6),
(3103, 'productcolor1_1504063783_IMG_9503.jpg', 518, 1),
(3104, '', 518, 2),
(3105, '', 518, 3),
(3106, '', 518, 4),
(3107, '', 518, 5),
(3108, '', 518, 6),
(3109, '', 519, 1),
(3110, '', 519, 2),
(3111, '', 519, 3),
(3112, '', 519, 4),
(3113, '', 519, 5),
(3114, '', 519, 6),
(3115, 'productcolor1_1498675904_465A7384.jpg', 520, 1),
(3116, '', 520, 2),
(3117, '', 520, 3),
(3118, '', 520, 4),
(3119, '', 520, 5),
(3120, '', 520, 6),
(3121, 'productcolor1_1498675929_465A7393.jpg', 521, 1),
(3122, '', 521, 2),
(3123, '', 521, 3),
(3124, NULL, 521, 4),
(3125, NULL, 521, 5),
(3126, '', 521, 6),
(3127, 'productcolor1_1498675965_BNT72155NU-425 (3).jpg', 522, 1),
(3128, '', 522, 2),
(3129, '', 522, 3),
(3130, '', 522, 4),
(3131, NULL, 522, 5),
(3132, '', 522, 6),
(3133, 'productcolor1_1498676143_465A7333.jpg', 523, 1),
(3134, 'productcolor2_1498676143_THVU8692.jpg', 523, 2),
(3135, '', 523, 3),
(3136, '', 523, 4),
(3137, '', 523, 5),
(3138, '', 523, 6),
(3139, 'productcolor1_1498676181_465A7300.jpg', 524, 1),
(3140, 'productcolor2_1498676181_THVU8690.jpg', 524, 2),
(3141, 'productcolor3_1498676181_BNX72156NU-495 (2).jpg', 524, 3),
(3142, NULL, 524, 4),
(3143, NULL, 524, 5),
(3144, '', 524, 6),
(3145, 'productcolor1_1498676197_465A7365.jpg', 525, 1),
(3146, NULL, 525, 2),
(3147, '', 525, 3),
(3148, '', 525, 4),
(3149, '', 525, 5),
(3150, '', 525, 6),
(3151, 'productcolor1_1498803007_465A7362.jpg', 526, 1),
(3152, 'productcolor2_1497768657_THVU8715.jpg', 526, 2),
(3153, 'productcolor3_1498803007_BNX2158BA-440.jpg', 526, 3),
(3154, NULL, 526, 4),
(3155, NULL, 526, 5),
(3156, '', 526, 6),
(3157, 'productcolor1_1498803014_465A7282.jpg', 527, 1),
(3158, 'productcolor2_1497768672_THVU8714.jpg', 527, 2),
(3159, '', 527, 3),
(3160, '', 527, 4),
(3161, '', 527, 5),
(3162, '', 527, 6),
(3163, 'productcolor1_1498803024_465A7283.jpg', 528, 1),
(3164, 'productcolor2_1497768679_THVU8711.jpg', 528, 2),
(3165, '', 528, 3),
(3166, '', 528, 4),
(3167, '', 528, 5),
(3168, '', 528, 6),
(3169, 'productcolor1_1498676486_465A7374.jpg', 529, 1),
(3170, 'productcolor2_1498676486_THVU8736.jpg', 529, 2),
(3171, 'productcolor3_1498676486_BNX72157NU-480 (2).jpg', 529, 3),
(3172, NULL, 529, 4),
(3173, NULL, 529, 5),
(3174, '', 529, 6),
(3175, 'productcolor1_1498676503_465A7381.jpg', 530, 1),
(3176, 'productcolor2_1498676504_THVU8738.jpg', 530, 2),
(3177, 'productcolor3_1498676504_BNX72157RE-480 (2).jpg', 530, 3),
(3178, NULL, 530, 4),
(3179, NULL, 530, 5),
(3180, '', 530, 6),
(3181, 'productcolor1_1498676519_465A7439.jpg', 531, 1),
(3182, 'productcolor2_1498676519_THVU8735.jpg', 531, 2),
(3183, '', 531, 3),
(3184, '', 531, 4),
(3185, '', 531, 5),
(3186, '', 531, 6),
(3187, 'productcolor1_1498676761_465A7444.jpg', 532, 1),
(3188, 'productcolor2_1498676761_THVU8717.jpg', 532, 2);
INSERT INTO `product_picture` (`product_picture_id`, `product_picture_name`, `product_detail_id`, `product_picture_position`) VALUES
(3189, '', 532, 3),
(3190, '', 532, 4),
(3191, '', 532, 5),
(3192, '', 532, 6),
(3193, 'productcolor1_1498676771_465A7458.jpg', 533, 1),
(3194, 'productcolor2_1498676771_THVU8723.jpg', 533, 2),
(3195, '', 533, 3),
(3196, '', 533, 4),
(3197, '', 533, 5),
(3198, '', 533, 6),
(3199, 'productcolor1_1498676783_465A7456.jpg', 534, 1),
(3200, 'productcolor2_1498676783_THVU8720.jpg', 534, 2),
(3201, '', 534, 3),
(3202, '', 534, 4),
(3203, '', 534, 5),
(3204, '', 534, 6),
(3205, 'productcolor1_1498677264_465A7334.jpg', 535, 1),
(3206, '', 535, 2),
(3207, '', 535, 3),
(3208, '', 535, 4),
(3209, '', 535, 5),
(3210, '', 535, 6),
(3217, 'productcolor1_1498677297_465A7357.jpg', 537, 1),
(3218, '', 537, 2),
(3219, '', 537, 3),
(3220, '', 537, 4),
(3221, '', 537, 5),
(3222, '', 537, 6),
(3223, 'productcolor1_1498677482_465A7269.jpg', 538, 1),
(3224, '', 538, 2),
(3225, '', 538, 3),
(3226, '', 538, 4),
(3227, '', 538, 5),
(3228, '', 538, 6),
(3229, 'productcolor1_1498677555_465A7434.jpg', 539, 1),
(3230, 'productcolor2_1498677556_THVU8059.jpg', 539, 2),
(3231, NULL, 539, 3),
(3232, '', 539, 4),
(3233, '', 539, 5),
(3234, '', 539, 6),
(3235, '', 540, 1),
(3236, '', 540, 2),
(3237, '', 540, 3),
(3238, '', 540, 4),
(3239, '', 540, 5),
(3240, '', 540, 6),
(3241, '', 541, 1),
(3242, '', 541, 2),
(3243, 'productcolor3_1497545145_THVU8125.jpg', 541, 3),
(3244, '', 541, 4),
(3245, '', 541, 5),
(3246, '', 541, 6),
(3247, 'productcolor1_1504063369_IMG_9483.jpg', 542, 1),
(3248, '', 542, 2),
(3249, '', 542, 3),
(3250, '', 542, 4),
(3251, '', 542, 5),
(3252, '', 542, 6),
(3253, 'productcolor1_1504063376_IMG_9482.jpg', 543, 1),
(3254, '', 543, 2),
(3255, '', 543, 3),
(3256, '', 543, 4),
(3257, '', 543, 5),
(3258, '', 543, 6),
(3259, 'productcolor1_1504063384_IMG_9484.jpg', 544, 1),
(3260, '', 544, 2),
(3261, '', 544, 3),
(3262, '', 544, 4),
(3263, '', 544, 5),
(3264, '', 544, 6),
(3265, 'productcolor1_1498678253_465A7553.jpg', 545, 1),
(3266, '', 545, 2),
(3267, '', 545, 3),
(3268, '', 545, 4),
(3269, '', 545, 5),
(3270, '', 545, 6),
(3277, 'productcolor1_1498679094_465A7279.jpg', 547, 1),
(3278, '', 547, 2),
(3279, '', 547, 3),
(3280, '', 547, 4),
(3281, '', 547, 5),
(3282, '', 547, 6),
(3283, '', 548, 1),
(3284, '', 548, 2),
(3285, '', 548, 3),
(3286, '', 548, 4),
(3287, '', 548, 5),
(3288, '', 548, 6),
(3289, 'productcolor1_1498679130_465A7308.jpg', 549, 1),
(3290, '', 549, 2),
(3291, '', 549, 3),
(3292, '', 549, 4),
(3293, '', 549, 5),
(3294, '', 549, 6),
(3295, 'productcolor1_1498679319_465A7465.jpg', 550, 1),
(3296, '', 550, 2),
(3297, '', 550, 3),
(3298, '', 550, 4),
(3299, '', 550, 5),
(3300, '', 550, 6),
(3301, 'productcolor1_1498679341_465A7442.jpg', 551, 1),
(3302, '', 551, 2),
(3303, '', 551, 3),
(3304, '', 551, 4),
(3305, '', 551, 5),
(3306, '', 551, 6),
(3307, '', 552, 1),
(3308, '', 552, 2),
(3309, '', 552, 3),
(3310, '', 552, 4),
(3311, '', 552, 5),
(3312, '', 552, 6),
(3313, 'productcolor1_1504065490_IMG_9578.jpg', 553, 1),
(3314, '', 553, 2),
(3315, '', 553, 3),
(3316, '', 553, 4),
(3317, '', 553, 5),
(3318, '', 553, 6),
(3319, 'productcolor1_1504065502_IMG_9581.jpg', 554, 1),
(3320, '', 554, 2),
(3321, '', 554, 3),
(3322, '', 554, 4),
(3323, '', 554, 5),
(3324, '', 554, 6),
(3325, 'productcolor1_1504065516_IMG_9588.jpg', 555, 1),
(3326, '', 555, 2),
(3327, '', 555, 3),
(3328, '', 555, 4),
(3329, '', 555, 5),
(3330, '', 555, 6),
(3337, 'productcolor1_1504065444_IMG_9573.jpg', 557, 1),
(3338, '', 557, 2),
(3339, '', 557, 3),
(3340, '', 557, 4),
(3341, '', 557, 5),
(3342, '', 557, 6),
(3343, 'productcolor1_1504065454_IMG_9574.jpg', 558, 1),
(3344, '', 558, 2),
(3345, '', 558, 3),
(3346, '', 558, 4),
(3347, '', 558, 5),
(3348, '', 558, 6),
(3349, 'productcolor1_1497603319_BNK31075BA-415.jpg', 559, 1),
(3350, 'productcolor2_1497603319_BNK31075BA-415 (2).jpg', 559, 2),
(3351, 'productcolor3_1497603319_BNK31075BA.jpg', 559, 3),
(3352, 'productcolor4_1497603319_THVU8179.jpg', 559, 4),
(3353, '', 559, 5),
(3354, '', 559, 6),
(3355, 'productcolor1_1497603335_BNK31075NU.jpg', 560, 1),
(3356, 'productcolor2_1497603335_BNK31075NU-415.jpg', 560, 2),
(3357, 'productcolor3_1497603335_BNK31075NU (2).jpg', 560, 3),
(3358, 'productcolor4_1497603335_THVU8109.jpg', 560, 4),
(3359, '', 560, 5),
(3360, '', 560, 6),
(3361, 'productcolor1_1497694122_BNK31075NA-415.jpg', 561, 1),
(3362, 'productcolor2_1497694122_BNK31075NA.jpg', 561, 2),
(3363, 'productcolor3_1497536809_THVU8186.jpg', 561, 3),
(3364, '', 561, 4),
(3365, '', 561, 5),
(3366, '', 561, 6),
(3367, '', 562, 1),
(3368, 'productcolor2_1497090471_BNN52006BA-405.jpg', 562, 2),
(3369, '', 562, 3),
(3370, '', 562, 4),
(3371, '', 562, 5),
(3372, '', 562, 6),
(3373, '', 563, 1),
(3374, '', 563, 2),
(3375, '', 563, 3),
(3376, '', 563, 4),
(3377, '', 563, 5),
(3378, '', 563, 6),
(3379, '', 564, 1),
(3380, '', 564, 2),
(3381, '', 564, 3),
(3382, '', 564, 4),
(3383, '', 564, 5),
(3384, '', 564, 6),
(3385, '', 565, 1),
(3386, '', 565, 2),
(3387, '', 565, 3),
(3388, '', 565, 4),
(3389, '', 565, 5),
(3390, '', 565, 6),
(3391, 'productcolor1_1498677010_465A7298.jpg', 566, 1),
(3392, 'productcolor2_1498677010_THVU8116.jpg', 566, 2),
(3393, NULL, 566, 3),
(3394, '', 566, 4),
(3395, '', 566, 5),
(3396, '', 566, 6),
(3397, 'productcolor1_1498677022_465A7301.jpg', 567, 1),
(3398, 'productcolor2_1498677024_THVU8188.jpg', 567, 2),
(3399, NULL, 567, 3),
(3400, '', 567, 4),
(3401, '', 567, 5),
(3402, '', 567, 6),
(3403, 'productcolor1_1498677033_465A7320.jpg', 568, 1),
(3404, '', 568, 2),
(3405, '', 568, 3),
(3406, '', 568, 4),
(3407, '', 568, 5),
(3408, '', 568, 6),
(3409, 'productcolor1_1498677069_465A7319.jpg', 569, 1),
(3410, 'productcolor2_1498677069_THVU8141.jpg', 569, 2),
(3411, 'productcolor3_1498677069_BBN72160RE-420 (2).jpg', 569, 3),
(3412, NULL, 569, 4),
(3413, NULL, 569, 5),
(3414, '', 569, 6),
(3421, 'productcolor1_1498801165_465A7512.jpg', 571, 1),
(3422, 'productcolor2_1498303747_SDD1085GR-485.jpg', 571, 2),
(3423, '', 571, 3),
(3424, NULL, 571, 4),
(3425, NULL, 571, 5),
(3426, '', 571, 6),
(3427, 'productcolor1_1498670869_465A7537.jpg', 572, 1),
(3428, 'productcolor2_1498670870_SDD1136BA-425 (2).jpg', 572, 2),
(3429, 'productcolor3_1498671112_LIN_6618.jpg', 572, 3),
(3430, NULL, 572, 4),
(3431, '', 572, 5),
(3432, '', 572, 6),
(3439, 'productcolor1_1498403117_465A7401.jpg', 574, 1),
(3440, 'productcolor2_1497606691_IMG_8687.jpg', 574, 2),
(3441, 'productcolor3_1498403117_IMG_8983.jpg', 574, 3),
(3442, 'productcolor4_1498403117_THVU8070.jpg', 574, 4),
(3443, '', 574, 5),
(3444, '', 574, 6),
(3445, 'productcolor1_1498403134_465A7392.jpg', 575, 1),
(3446, 'productcolor2_1497606701_IMG_8656.jpg', 575, 2),
(3447, 'productcolor3_1498403134_XNT1110GR- SUA LÓT TRONG CHIEC PHAI.jpg', 575, 3),
(3448, 'productcolor4_1498403134_THVU7956.jpg', 575, 4),
(3449, '', 575, 5),
(3450, '', 575, 6),
(3451, 'productcolor1_1498403154_465A7399.jpg', 576, 1),
(3452, 'productcolor2_1497606712_IMG_8653.jpg', 576, 2),
(3453, 'productcolor3_1498403154_XNT1110NU-SUA CẤN MŨI CHIẾC TRAI.jpg', 576, 3),
(3454, 'productcolor4_1498403154_THVU7952.jpg', 576, 4),
(3455, '', 576, 5),
(3456, '', 576, 6),
(3457, 'productcolor1_1498486698_465A7340.jpg', 577, 1),
(3458, '', 577, 2),
(3459, '', 577, 3),
(3460, '', 577, 4),
(3461, '', 577, 5),
(3462, '', 577, 6),
(3463, 'productcolor1_1498405726_465A7618.jpg', 578, 1),
(3464, 'productcolor2_1498405726_THVU7852.jpg', 578, 2),
(3465, '', 578, 3),
(3466, '', 578, 4),
(3467, '', 578, 5),
(3468, '', 578, 6),
(3481, 'productcolor1_1497759820_BNT71084BL-SỬA LÓT TRONG GIÀY.jpg', 581, 1),
(3482, '', 581, 2),
(3483, '', 581, 3),
(3484, '', 581, 4),
(3485, '', 581, 5),
(3486, '', 581, 6),
(3487, 'productcolor1_1498799012_465A7568.jpg', 582, 1),
(3488, 'productcolor2_1498274736_THVU8388.jpg', 582, 2),
(3489, '', 582, 3),
(3490, '', 582, 4),
(3491, '', 582, 5),
(3492, '', 582, 6),
(3493, 'productcolor1_1498799019_465A7501.jpg', 583, 1),
(3494, 'productcolor2_1497696842_THVU7817.jpg', 583, 2),
(3495, 'productcolor3_1498274762_THVU8395.jpg', 583, 3),
(3496, '', 583, 4),
(3497, '', 583, 5),
(3498, '', 583, 6),
(3499, 'productcolor1_1498799028_465A7503.jpg', 584, 1),
(3500, 'productcolor2_1498274785_THVU8390.jpg', 584, 2),
(3501, '', 584, 3),
(3502, '', 584, 4),
(3503, '', 584, 5),
(3504, '', 584, 6),
(3505, 'productcolor1_1498407119_465A7531.jpg', 585, 1),
(3506, 'productcolor2_1498407119_THVU8568.jpg', 585, 2),
(3507, NULL, 585, 3),
(3508, '', 585, 4),
(3509, '', 585, 5),
(3510, '', 585, 6),
(3511, '', 586, 1),
(3512, '', 586, 2),
(3513, '', 586, 3),
(3514, '', 586, 4),
(3515, '', 586, 5),
(3516, '', 586, 6),
(3517, 'productcolor1_1498304061_THVU8456.jpg', 587, 1),
(3518, '', 587, 2),
(3519, '', 587, 3),
(3520, '', 587, 4),
(3521, '', 587, 5),
(3522, '', 587, 6),
(3523, 'productcolor1_1498407760_465A7533.jpg', 588, 1),
(3524, '', 588, 2),
(3525, '', 588, 3),
(3526, '', 588, 4),
(3527, '', 588, 5),
(3528, '', 588, 6),
(3529, 'productcolor1_1498677317_BNH2161GR-440 (2).jpg', 589, 1),
(3530, '', 589, 2),
(3531, '', 589, 3),
(3532, '', 589, 4),
(3533, '', 589, 5),
(3534, '', 589, 6),
(3535, 'productcolor1_1504063244_IMG_9487.jpg', 590, 1),
(3536, '', 590, 2),
(3537, '', 590, 3),
(3538, '', 590, 4),
(3539, '', 590, 5),
(3540, '', 590, 6),
(3541, 'productcolor1_1504063257_IMG_9486.jpg', 591, 1),
(3542, '', 591, 2),
(3543, '', 591, 3),
(3544, '', 591, 4),
(3545, '', 591, 5),
(3546, '', 591, 6),
(3553, 'productcolor1_1504063682_IMG_9490.jpg', 593, 1),
(3554, '', 593, 2),
(3555, '', 593, 3),
(3556, '', 593, 4),
(3557, '', 593, 5),
(3558, '', 593, 6),
(3559, 'productcolor1_1504063700_IMG_9491.jpg', 594, 1),
(3560, '', 594, 2),
(3561, '', 594, 3),
(3562, '', 594, 4),
(3563, '', 594, 5),
(3564, '', 594, 6),
(3565, 'productcolor1_1504063871_IMG_9506.jpg', 595, 1),
(3566, '', 595, 2),
(3567, '', 595, 3),
(3568, '', 595, 4),
(3569, '', 595, 5),
(3570, '', 595, 6),
(3571, 'productcolor1_1504063893_IMG_9508.jpg', 596, 1),
(3572, '', 596, 2),
(3573, '', 596, 3),
(3574, '', 596, 4),
(3575, '', 596, 5),
(3576, '', 596, 6),
(3577, 'productcolor1_1504063911_IMG_9504.jpg', 597, 1),
(3578, '', 597, 2),
(3579, '', 597, 3),
(3580, '', 597, 4),
(3581, '', 597, 5),
(3582, '', 597, 6),
(3583, 'productcolor1_1504064049_IMG_9512.jpg', 598, 1),
(3584, '', 598, 2),
(3585, '', 598, 3),
(3586, '', 598, 4),
(3587, '', 598, 5),
(3588, '', 598, 6),
(3589, 'productcolor1_1504064069_IMG_9514.jpg', 599, 1),
(3590, '', 599, 2),
(3591, '', 599, 3),
(3592, '', 599, 4),
(3593, '', 599, 5),
(3594, '', 599, 6),
(3595, 'productcolor1_1504064179_IMG_9510.jpg', 600, 1),
(3596, '', 600, 2),
(3597, '', 600, 3),
(3598, '', 600, 4),
(3599, '', 600, 5),
(3600, '', 600, 6),
(3601, 'productcolor1_1504064266_IMG_9518.jpg', 601, 1),
(3602, '', 601, 2),
(3603, '', 601, 3),
(3604, '', 601, 4),
(3605, '', 601, 5),
(3606, '', 601, 6),
(3607, 'productcolor1_1504064296_IMG_9516.jpg', 602, 1),
(3608, '', 602, 2),
(3609, '', 602, 3),
(3610, '', 602, 4),
(3611, '', 602, 5),
(3612, '', 602, 6),
(3613, 'productcolor1_1504064313_IMG_9519.jpg', 603, 1),
(3614, '', 603, 2),
(3615, '', 603, 3),
(3616, '', 603, 4),
(3617, '', 603, 5),
(3618, '', 603, 6),
(3619, 'productcolor1_1504064396_IMG_9521.jpg', 604, 1),
(3620, '', 604, 2),
(3621, '', 604, 3),
(3622, '', 604, 4),
(3623, '', 604, 5),
(3624, '', 604, 6),
(3625, 'productcolor1_1504064416_IMG_9520.jpg', 605, 1),
(3626, '', 605, 2),
(3627, '', 605, 3),
(3628, '', 605, 4),
(3629, '', 605, 5),
(3630, '', 605, 6),
(3631, 'productcolor1_1504064436_IMG_9522.jpg', 606, 1),
(3632, '', 606, 2),
(3633, '', 606, 3),
(3634, '', 606, 4),
(3635, '', 606, 5),
(3636, '', 606, 6),
(3637, 'productcolor1_1504064807_IMG_9529.jpg', 607, 1),
(3638, '', 607, 2),
(3639, '', 607, 3),
(3640, '', 607, 4),
(3641, '', 607, 5),
(3642, '', 607, 6),
(3643, 'productcolor1_1504064824_IMG_9528.jpg', 608, 1),
(3644, '', 608, 2),
(3645, '', 608, 3),
(3646, '', 608, 4),
(3647, '', 608, 5),
(3648, '', 608, 6),
(3649, 'productcolor1_1504064846_IMG_9527.jpg', 609, 1),
(3650, '', 609, 2),
(3651, '', 609, 3),
(3652, '', 609, 4),
(3653, '', 609, 5),
(3654, '', 609, 6),
(3655, 'productcolor1_1504064867_IMG_9531.jpg', 610, 1),
(3656, '', 610, 2),
(3657, '', 610, 3),
(3658, '', 610, 4),
(3659, '', 610, 5),
(3660, '', 610, 6),
(3661, 'productcolor1_1504064934_IMG_9537.jpg', 611, 1),
(3662, '', 611, 2),
(3663, '', 611, 3),
(3664, '', 611, 4),
(3665, '', 611, 5),
(3666, '', 611, 6),
(3667, 'productcolor1_1504064952_IMG_9532.jpg', 612, 1),
(3668, '', 612, 2),
(3669, '', 612, 3),
(3670, '', 612, 4),
(3671, '', 612, 5),
(3672, '', 612, 6),
(3673, 'productcolor1_1504064976_IMG_9534.jpg', 613, 1),
(3674, '', 613, 2),
(3675, '', 613, 3),
(3676, '', 613, 4),
(3677, '', 613, 5),
(3678, '', 613, 6),
(3679, 'productcolor1_1504064996_IMG_9536.jpg', 614, 1),
(3680, '', 614, 2),
(3681, '', 614, 3),
(3682, '', 614, 4),
(3683, '', 614, 5),
(3684, '', 614, 6),
(3685, 'productcolor1_1504065163_IMG_9561.jpg', 615, 1),
(3686, '', 615, 2),
(3687, '', 615, 3),
(3688, '', 615, 4),
(3689, '', 615, 5),
(3690, '', 615, 6),
(3691, 'productcolor1_1504065181_IMG_9559.jpg', 616, 1),
(3692, '', 616, 2),
(3693, '', 616, 3),
(3694, '', 616, 4),
(3695, '', 616, 5),
(3696, '', 616, 6),
(3697, 'productcolor1_1504065205_IMG_9560.jpg', 617, 1),
(3698, '', 617, 2),
(3699, '', 617, 3),
(3700, '', 617, 4),
(3701, '', 617, 5),
(3702, '', 617, 6),
(3703, 'productcolor1_1504065354_IMG_9566.jpg', 618, 1),
(3704, '', 618, 2),
(3705, '', 618, 3),
(3706, '', 618, 4),
(3707, '', 618, 5),
(3708, '', 618, 6),
(3709, 'productcolor1_1504065372_IMG_9568.jpg', 619, 1),
(3710, '', 619, 2),
(3711, '', 619, 3),
(3712, '', 619, 4),
(3713, '', 619, 5),
(3714, '', 619, 6),
(3715, 'productcolor1_1504065395_IMG_9571.jpg', 620, 1),
(3716, '', 620, 2),
(3717, '', 620, 3),
(3718, '', 620, 4),
(3719, '', 620, 5),
(3720, '', 620, 6),
(3721, 'productcolor1_1504065621_IMG_9591.jpg', 621, 1),
(3722, '', 621, 2),
(3723, '', 621, 3),
(3724, '', 621, 4),
(3725, '', 621, 5),
(3726, '', 621, 6),
(3727, 'productcolor1_1504065640_IMG_9592.jpg', 622, 1),
(3728, '', 622, 2),
(3729, '', 622, 3),
(3730, '', 622, 4),
(3731, '', 622, 5),
(3732, '', 622, 6),
(3733, 'productcolor1_1504066051_IMG_9613.jpg', 623, 1),
(3734, '', 623, 2),
(3735, '', 623, 3),
(3736, '', 623, 4),
(3737, '', 623, 5),
(3738, '', 623, 6),
(3739, 'productcolor1_1504066072_IMG_9615.jpg', 624, 1),
(3740, '', 624, 2),
(3741, '', 624, 3),
(3742, '', 624, 4),
(3743, '', 624, 5),
(3744, '', 624, 6);

-- --------------------------------------------------------

--
-- Table structure for table `size`
--

CREATE TABLE `size` (
  `size_id` int(11) NOT NULL,
  `size_name` varchar(50) COLLATE utf8_unicode_ci NOT NULL,
  `size_status` int(1) NOT NULL
) ENGINE=InnoDB DEFAULT CHARSET=utf8 COLLATE=utf8_unicode_ci;

--
-- Dumping data for table `size`
--

INSERT INTO `size` (`size_id`, `size_name`, `size_status`) VALUES
(6, '35', 1),
(7, '36', 1),
(8, '37', 1),
(9, '38', 1),
(10, '39', 1);

-- --------------------------------------------------------

--
-- Table structure for table `template`
--

CREATE TABLE `template` (
  `template_id` int(11) NOT NULL,
  `template_name` varchar(255) COLLATE utf8_unicode_ci NOT NULL,
  `template_content` text COLLATE utf8_unicode_ci NOT NULL,
  `template_picture` varchar(255) COLLATE utf8_unicode_ci NOT NULL,
  `template_url` varchar(255) COLLATE utf8_unicode_ci NOT NULL,
  `template_type` varchar(50) COLLATE utf8_unicode_ci NOT NULL
) ENGINE=InnoDB DEFAULT CHARSET=utf8 COLLATE=utf8_unicode_ci;

--
-- Dumping data for table `template`
--

INSERT INTO `template` (`template_id`, `template_name`, `template_content`, `template_picture`, `template_url`, `template_type`) VALUES
(3, 'Phần banner trang chủ', '', 'template_1496936053_Image.png', '', 'picture'),
(4, 'logo', '', 'template_1498736689_Untitled-1.png', '', 'picture');

-- --------------------------------------------------------

--
-- Table structure for table `website`
--

CREATE TABLE `website` (
  `website_id` int(11) NOT NULL,
  `website_title` text COLLATE utf8_unicode_ci NOT NULL,
  `website_description` text COLLATE utf8_unicode_ci NOT NULL,
  `website_keyword` text COLLATE utf8_unicode_ci NOT NULL,
  `website_name` varchar(255) COLLATE utf8_unicode_ci NOT NULL,
  `website_icon` varchar(255) COLLATE utf8_unicode_ci NOT NULL
) ENGINE=InnoDB DEFAULT CHARSET=utf8 COLLATE=utf8_unicode_ci;

--
-- Dumping data for table `website`
--

INSERT INTO `website` (`website_id`, `website_title`, `website_description`, `website_keyword`, `website_name`, `website_icon`) VALUES
(1, 'kaylee', 'kaylee', 'asaskaylee', 'kaylee', 'favico_1491122140_favico.ico');

--
-- Indexes for dumped tables
--

--
-- Indexes for table `acl`
--
ALTER TABLE `acl`
  ADD PRIMARY KEY (`acl_id`);

--
-- Indexes for table `admin`
--
ALTER TABLE `admin`
  ADD PRIMARY KEY (`admin_id`);

--
-- Indexes for table `build`
--
ALTER TABLE `build`
  ADD PRIMARY KEY (`id`);

--
-- Indexes for table `color`
--
ALTER TABLE `color`
  ADD PRIMARY KEY (`color_id`);

--
-- Indexes for table `contact`
--
ALTER TABLE `contact`
  ADD PRIMARY KEY (`contact_id`);

--
-- Indexes for table `email_customer`
--
ALTER TABLE `email_customer`
  ADD PRIMARY KEY (`email_customer_id`),
  ADD UNIQUE KEY `email_customer_name` (`email_customer_name`);

--
-- Indexes for table `group_acl`
--
ALTER TABLE `group_acl`
  ADD PRIMARY KEY (`group_acl_id`);

--
-- Indexes for table `group_admin`
--
ALTER TABLE `group_admin`
  ADD PRIMARY KEY (`group_admin_id`);

--
-- Indexes for table `group_menu`
--
ALTER TABLE `group_menu`
  ADD PRIMARY KEY (`group_menu_id`);

--
-- Indexes for table `menu`
--
ALTER TABLE `menu`
  ADD PRIMARY KEY (`menu_id`);

--
-- Indexes for table `navigation`
--
ALTER TABLE `navigation`
  ADD PRIMARY KEY (`navigation_id`);

--
-- Indexes for table `news`
--
ALTER TABLE `news`
  ADD PRIMARY KEY (`news_id`);

--
-- Indexes for table `news_category`
--
ALTER TABLE `news_category`
  ADD PRIMARY KEY (`news_category_id`);

--
-- Indexes for table `order`
--
ALTER TABLE `order`
  ADD PRIMARY KEY (`order_id`);

--
-- Indexes for table `order_detail`
--
ALTER TABLE `order_detail`
  ADD PRIMARY KEY (`order_detail_id`);

--
-- Indexes for table `page`
--
ALTER TABLE `page`
  ADD PRIMARY KEY (`page_id`);

--
-- Indexes for table `product`
--
ALTER TABLE `product`
  ADD PRIMARY KEY (`product_id`);

--
-- Indexes for table `product_category`
--
ALTER TABLE `product_category`
  ADD PRIMARY KEY (`product_category_id`);

--
-- Indexes for table `product_detail`
--
ALTER TABLE `product_detail`
  ADD PRIMARY KEY (`product_detail_id`);

--
-- Indexes for table `product_picture`
--
ALTER TABLE `product_picture`
  ADD PRIMARY KEY (`product_picture_id`);

--
-- Indexes for table `size`
--
ALTER TABLE `size`
  ADD PRIMARY KEY (`size_id`);

--
-- Indexes for table `template`
--
ALTER TABLE `template`
  ADD PRIMARY KEY (`template_id`);

--
-- Indexes for table `website`
--
ALTER TABLE `website`
  ADD PRIMARY KEY (`website_id`);

--
-- AUTO_INCREMENT for dumped tables
--

--
-- AUTO_INCREMENT for table `acl`
--
ALTER TABLE `acl`
  MODIFY `acl_id` int(11) NOT NULL AUTO_INCREMENT, AUTO_INCREMENT=101;
--
-- AUTO_INCREMENT for table `admin`
--
ALTER TABLE `admin`
  MODIFY `admin_id` int(11) NOT NULL AUTO_INCREMENT, AUTO_INCREMENT=3;
--
-- AUTO_INCREMENT for table `build`
--
ALTER TABLE `build`
  MODIFY `id` int(11) NOT NULL AUTO_INCREMENT, AUTO_INCREMENT=105;
--
-- AUTO_INCREMENT for table `color`
--
ALTER TABLE `color`
  MODIFY `color_id` int(11) NOT NULL AUTO_INCREMENT, AUTO_INCREMENT=28;
--
-- AUTO_INCREMENT for table `contact`
--
ALTER TABLE `contact`
  MODIFY `contact_id` int(11) NOT NULL AUTO_INCREMENT;
--
-- AUTO_INCREMENT for table `email_customer`
--
ALTER TABLE `email_customer`
  MODIFY `email_customer_id` int(11) NOT NULL AUTO_INCREMENT, AUTO_INCREMENT=25;
--
-- AUTO_INCREMENT for table `group_acl`
--
ALTER TABLE `group_acl`
  MODIFY `group_acl_id` int(11) NOT NULL AUTO_INCREMENT, AUTO_INCREMENT=171;
--
-- AUTO_INCREMENT for table `group_admin`
--
ALTER TABLE `group_admin`
  MODIFY `group_admin_id` int(11) NOT NULL AUTO_INCREMENT, AUTO_INCREMENT=3;
--
-- AUTO_INCREMENT for table `group_menu`
--
ALTER TABLE `group_menu`
  MODIFY `group_menu_id` bigint(20) NOT NULL AUTO_INCREMENT, AUTO_INCREMENT=42;
--
-- AUTO_INCREMENT for table `menu`
--
ALTER TABLE `menu`
  MODIFY `menu_id` int(11) NOT NULL AUTO_INCREMENT, AUTO_INCREMENT=33;
--
-- AUTO_INCREMENT for table `navigation`
--
ALTER TABLE `navigation`
  MODIFY `navigation_id` int(11) NOT NULL AUTO_INCREMENT, AUTO_INCREMENT=14;
--
-- AUTO_INCREMENT for table `news`
--
ALTER TABLE `news`
  MODIFY `news_id` int(11) NOT NULL AUTO_INCREMENT, AUTO_INCREMENT=7;
--
-- AUTO_INCREMENT for table `news_category`
--
ALTER TABLE `news_category`
  MODIFY `news_category_id` int(11) NOT NULL AUTO_INCREMENT, AUTO_INCREMENT=4;
--
-- AUTO_INCREMENT for table `order`
--
ALTER TABLE `order`
  MODIFY `order_id` int(11) NOT NULL AUTO_INCREMENT, AUTO_INCREMENT=23;
--
-- AUTO_INCREMENT for table `order_detail`
--
ALTER TABLE `order_detail`
  MODIFY `order_detail_id` int(11) NOT NULL AUTO_INCREMENT, AUTO_INCREMENT=25;
--
-- AUTO_INCREMENT for table `page`
--
ALTER TABLE `page`
  MODIFY `page_id` int(11) NOT NULL AUTO_INCREMENT, AUTO_INCREMENT=3;
--
-- AUTO_INCREMENT for table `product`
--
ALTER TABLE `product`
  MODIFY `product_id` int(11) NOT NULL AUTO_INCREMENT, AUTO_INCREMENT=203;
--
-- AUTO_INCREMENT for table `product_category`
--
ALTER TABLE `product_category`
  MODIFY `product_category_id` int(11) NOT NULL AUTO_INCREMENT, AUTO_INCREMENT=7;
--
-- AUTO_INCREMENT for table `product_detail`
--
ALTER TABLE `product_detail`
  MODIFY `product_detail_id` int(11) NOT NULL AUTO_INCREMENT, AUTO_INCREMENT=625;
--
-- AUTO_INCREMENT for table `product_picture`
--
ALTER TABLE `product_picture`
  MODIFY `product_picture_id` int(11) NOT NULL AUTO_INCREMENT, AUTO_INCREMENT=3745;
--
-- AUTO_INCREMENT for table `size`
--
ALTER TABLE `size`
  MODIFY `size_id` int(11) NOT NULL AUTO_INCREMENT, AUTO_INCREMENT=11;
--
-- AUTO_INCREMENT for table `template`
--
ALTER TABLE `template`
  MODIFY `template_id` int(11) NOT NULL AUTO_INCREMENT, AUTO_INCREMENT=5;
--
-- AUTO_INCREMENT for table `website`
--
ALTER TABLE `website`
  MODIFY `website_id` int(11) NOT NULL AUTO_INCREMENT, AUTO_INCREMENT=2;COMMIT;

/*!40101 SET CHARACTER_SET_CLIENT=@OLD_CHARACTER_SET_CLIENT */;
/*!40101 SET CHARACTER_SET_RESULTS=@OLD_CHARACTER_SET_RESULTS */;
/*!40101 SET COLLATION_CONNECTION=@OLD_COLLATION_CONNECTION */;
